Workbook

Sheet CONTROL
A1: THE ISLAND - Simulador de Partida
A3: JUGADORES ACTIVOS (2-6) | B3: 4 | C3: TURNO ACTUAL | D3: 1 | E3: JUGADOR ACTIVO (1-6) | F3: 1 | G3: FASE (1-4) | H3: 1
A4: Cambia estos 4 valores para avanzar la partida | C4: Fases: 1=Jugar ficha de mano | 2=Mover exp/barcos | 3=Retirar terreno | 4=Dado y mover criatura
A6: METRICA | B6: VALOR | C6: FORMULA / DESCRIPCION
A7: Fase actual (texto) | B7: =CHOOSE(H3,"1 - Jugar ficha de mano","2 - Mover Exploradores/Barcos","3 - Retirar ficha de terreno","4 - Tirar dado y mover criatura") -> 1 - Jugar ficha de mano | C7: Texto derivado del numero de fase
A8: Color jugador activo | B8: =CHOOSE(F3,"Rojo","Turquesa","Amarillo","Verde menta","Purpura","Salmon") -> Rojo | C8: Color asignado al indice de jugador activo
A9: Tiles en juego | B9: =40-COUNTIF(TILES!E3:E42,"removido") -> 40 | C9: Tiles presentes
A10: Tiles removidos | B10: =COUNTIF(TILES!E3:E42,"removido") -> 0 | C10: Tiles retirados
A11: Volcan revelado | B11: =IF(COUNTIFS(TILES!D3:D42,"INM_Volcan",TILES!E3:E42,"removido")>0,"SI - FIN","No") -> No | C11: Fin de partida
A12: Exploradores en tierra | B12: =COUNTIF(EXPLORADORES!G2:G61,"Tierra") -> 60 | C12: Sobre tiles
A13: Exploradores nadando | B13: =COUNTIF(EXPLORADORES!G2:G61,"Mar") -> 0 | C13: En agua
A14: Exploradores en barcos | B14: =COUNTIF(EXPLORADORES!G2:G61,"Barco") -> 0 | C14: A bordo
A15: Exploradores salvados | B15: =COUNTIF(EXPLORADORES!G2:G61,"Salvado") -> 0 | C15: Tierra firme externa
A16: Exploradores eliminados | B16: =COUNTIF(EXPLORADORES!G2:G61,"Eliminado") -> 0 | C16: Muertos
A18: JUGADOR | B18: ACTIVO? | C18: COLOR | D18: EXPLORADORES VIVOS | E18: EN TABLERO | F18: SALVADOS | G18: PUNTOS SALVADOS | H18: EN MANO
A19: Jugador 1 | B19: =IF(AND($B$3>=1,$F$3=1),"TURNO",IF($B$3>=1,"Si","-")) -> TURNO | C19: =CHOOSE(1,"Rojo","Turquesa","Amarillo","Verde menta","Purpura","Salmon") -> Rojo | D19: =COUNTIFS(EXPLORADORES!B2:B61,1,EXPLORADORES!G2:G61,"<>Eliminado") -> 10 | E19: =COUNTIFS(EXPLORADORES!B2:B61,1,EXPLORADORES!G2:G61,"Tierra")+COUNTIFS(EXPLORADORES!B2:B61,1,EXPLORADORES!G2:G61,"Mar")+COUNTIFS(EXPLORADORES!B2:B61,1,EXPLORADORES!G2:G61,"Barco") -> 10 | F19: =COUNTIFS(EXPLORADORES!B2:B61,1,EXPLORADORES!G2:G61,"Salvado") -> 0 | G19: =SUMIFS(EXPLORADORES!F2:F61,EXPLORADORES!B2:B61,1,EXPLORADORES!G2:G61,"Salvado") -> 0 | H19: =COUNTIFS(JUGADORES!A3:A62,1,JUGADORES!D3:D62,"En mano") -> 0
A20: Jugador 2 | B20: =IF(AND($B$3>=2,$F$3=2),"TURNO",IF($B$3>=2,"Si","-")) -> Si | C20: =CHOOSE(2,"Rojo","Turquesa","Amarillo","Verde menta","Purpura","Salmon") -> Turquesa | D20: =COUNTIFS(EXPLORADORES!B2:B61,2,EXPLORADORES!G2:G61,"<>Eliminado") -> 10 | E20: =COUNTIFS(EXPLORADORES!B2:B61,2,EXPLORADORES!G2:G61,"Tierra")+COUNTIFS(EXPLORADORES!B2:B61,2,EXPLORADORES!G2:G61,"Mar")+COUNTIFS(EXPLORADORES!B2:B61,2,EXPLORADORES!G2:G61,"Barco") -> 10 | F20: =COUNTIFS(EXPLORADORES!B2:B61,2,EXPLORADORES!G2:G61,"Salvado") -> 0 | G20: =SUMIFS(EXPLORADORES!F2:F61,EXPLORADORES!B2:B61,2,EXPLORADORES!G2:G61,"Salvado") -> 0 | H20: =COUNTIFS(JUGADORES!A3:A62,2,JUGADORES!D3:D62,"En mano") -> 0
A21: Jugador 3 | B21: =IF(AND($B$3>=3,$F$3=3),"TURNO",IF($B$3>=3,"Si","-")) -> Si | C21: =CHOOSE(3,"Rojo","Turquesa","Amarillo","Verde menta","Purpura","Salmon") -> Amarillo | D21: =COUNTIFS(EXPLORADORES!B2:B61,3,EXPLORADORES!G2:G61,"<>Eliminado") -> 10 | E21: =COUNTIFS(EXPLORADORES!B2:B61,3,EXPLORADORES!G2:G61,"Tierra")+COUNTIFS(EXPLORADORES!B2:B61,3,EXPLORADORES!G2:G61,"Mar")+COUNTIFS(EXPLORADORES!B2:B61,3,EXPLORADORES!G2:G61,"Barco") -> 10 | F21: =COUNTIFS(EXPLORADORES!B2:B61,3,EXPLORADORES!G2:G61,"Salvado") -> 0 | G21: =SUMIFS(EXPLORADORES!F2:F61,EXPLORADORES!B2:B61,3,EXPLORADORES!G2:G61,"Salvado") -> 0 | H21: =COUNTIFS(JUGADORES!A3:A62,3,JUGADORES!D3:D62,"En mano") -> 0
A22: Jugador 4 | B22: =IF(AND($B$3>=4,$F$3=4),"TURNO",IF($B$3>=4,"Si","-")) -> Si | C22: =CHOOSE(4,"Rojo","Turquesa","Amarillo","Verde menta","Purpura","Salmon") -> Verde menta | D22: =COUNTIFS(EXPLORADORES!B2:B61,4,EXPLORADORES!G2:G61,"<>Eliminado") -> 10 | E22: =COUNTIFS(EXPLORADORES!B2:B61,4,EXPLORADORES!G2:G61,"Tierra")+COUNTIFS(EXPLORADORES!B2:B61,4,EXPLORADORES!G2:G61,"Mar")+COUNTIFS(EXPLORADORES!B2:B61,4,EXPLORADORES!G2:G61,"Barco") -> 10 | F22: =COUNTIFS(EXPLORADORES!B2:B61,4,EXPLORADORES!G2:G61,"Salvado") -> 0 | G22: =SUMIFS(EXPLORADORES!F2:F61,EXPLORADORES!B2:B61,4,EXPLORADORES!G2:G61,"Salvado") -> 0 | H22: =COUNTIFS(JUGADORES!A3:A62,4,JUGADORES!D3:D62,"En mano") -> 0
A23: Jugador 5 | B23: =IF(AND($B$3>=5,$F$3=5),"TURNO",IF($B$3>=5,"Si","-")) -> - | C23: =CHOOSE(5,"Rojo","Turquesa","Amarillo","Verde menta","Purpura","Salmon") -> Purpura | D23: =COUNTIFS(EXPLORADORES!B2:B61,5,EXPLORADORES!G2:G61,"<>Eliminado") -> 10 | E23: =COUNTIFS(EXPLORADORES!B2:B61,5,EXPLORADORES!G2:G61,"Tierra")+COUNTIFS(EXPLORADORES!B2:B61,5,EXPLORADORES!G2:G61,"Mar")+COUNTIFS(EXPLORADORES!B2:B61,5,EXPLORADORES!G2:G61,"Barco") -> 10 | F23: =COUNTIFS(EXPLORADORES!B2:B61,5,EXPLORADORES!G2:G61,"Salvado") -> 0 | G23: =SUMIFS(EXPLORADORES!F2:F61,EXPLORADORES!B2:B61,5,EXPLORADORES!G2:G61,"Salvado") -> 0 | H23: =COUNTIFS(JUGADORES!A3:A62,5,JUGADORES!D3:D62,"En mano") -> 0
A24: Jugador 6 | B24: =IF(AND($B$3>=6,$F$3=6),"TURNO",IF($B$3>=6,"Si","-")) -> - | C24: =CHOOSE(6,"Rojo","Turquesa","Amarillo","Verde menta","Purpura","Salmon") -> Salmon | D24: =COUNTIFS(EXPLORADORES!B2:B61,6,EXPLORADORES!G2:G61,"<>Eliminado") -> 10 | E24: =COUNTIFS(EXPLORADORES!B2:B61,6,EXPLORADORES!G2:G61,"Tierra")+COUNTIFS(EXPLORADORES!B2:B61,6,EXPLORADORES!G2:G61,"Mar")+COUNTIFS(EXPLORADORES!B2:B61,6,EXPLORADORES!G2:G61,"Barco") -> 10 | F24: =COUNTIFS(EXPLORADORES!B2:B61,6,EXPLORADORES!G2:G61,"Salvado") -> 0 | G24: =SUMIFS(EXPLORADORES!F2:F61,EXPLORADORES!B2:B61,6,EXPLORADORES!G2:G61,"Salvado") -> 0 | H24: =COUNTIFS(JUGADORES!A3:A62,6,JUGADORES!D3:D62,"En mano") -> 0
A26: =IF(COUNTIFS(TILES!D3:D42,"INM_Volcan",TILES!E3:E42,"removido")=0,"Partida en curso... (se termina cuando se revela el Volcan)","FIN DE PARTIDA - Ganador: Jugador "&MATCH(MAX(G19:G24),G19:G24,0)&" con "&MAX(G19:G24)&" puntos salvados") -> Partida en curso... (se termina cuando se revela el Volcan)

Sheet TABLERO
A1: TABLERO - Estado actual
B3: C1 | C3: C2 | D3: C3 | E3: C4 | F3: C5 | G3: C6 | H3: C7 | I3: C8 | J3: C9 | K3: C10
A4: F1 | B4: =IFERROR(IF(SUMPRODUCT((TILES!G3:G42=1)*(TILES!H3:H42=1)*(TILES!E3:E42="en juego"))>0,INDEX(TILES!B3:B42,MATCH(1,(TILES!G3:G42=1)*(TILES!H3:H42=1)*(TILES!E3:E42="en juego"),0)),IF(SUMPRODUCT((CRIATURAS!D3:D34=1)*(CRIATURAS!E3:E34=1)*(CRIATURAS!C3:C34="activo"))>0,INDEX(CRIATURAS!B3:B34,MATCH(1,(CRIATURAS!D3:D34=1)*(CRIATURAS!E3:E34=1)*(CRIATURAS!C3:C34="activo"),0)),IF(COUNTIFS(EXPLORADORES!H2:H61,1,EXPLORADORES!I2:I61,1,EXPLORADORES!G2:G61,"<>Eliminado")>0,"Exp x"&COUNTIFS(EXPLORADORES!H2:H61,1,EXPLORADORES!I2:I61,1,EXPLORADORES!G2:G61,"<>Eliminado"),"Mar"))),"Mar") -> Mar | C4: =IFERROR(IF(SUMPRODUCT((TILES!G3:G42=1)*(TILES!H3:H42=2)*(TILES!E3:E42="en juego"))>0,INDEX(TILES!B3:B42,MATCH(1,(TILES!G3:G42=1)*(TILES!H3:H42=2)*(TILES!E3:E42="en juego"),0)),IF(SUMPRODUCT((CRIATURAS!D3:D34=1)*(CRIATURAS!E3:E34=2)*(CRIATURAS!C3:C34="activo"))>0,INDEX(CRIATURAS!B3:B34,MATCH(1,(CRIATURAS!D3:D34=1)*(CRIATURAS!E3:E34=2)*(CRIATURAS!C3:C34="activo"),0)),IF(COUNTIFS(EXPLORADORES!H2:H61,1,EXPLORADORES!I2:I61,2,EXPLORADORES!G2:G61,"<>Eliminado")>0,"Exp x"&COUNTIFS(EXPLORADORES!H2:H61,1,EXPLORADORES!I2:I61,2,EXPLORADORES!G2:G61,"<>Eliminado"),"Mar"))),"Mar") -> Serpiente | D4: =IFERROR(IF(SUMPRODUCT((TILES!G3:G42=1)*(TILES!H3:H42=3)*(TILES!E3:E42="en juego"))>0,INDEX(TILES!B3:B42,MATCH(1,(TILES!G3:G42=1)*(TILES!H3:H42=3)*(TILES!E3:E42="en juego"),0)),IF(SUMPRODUCT((CRIATURAS!D3:D34=1)*(CRIATURAS!E3:E34=3)*(CRIATURAS!C3:C34="activo"))>0,INDEX(CRIATURAS!B3:B34,MATCH(1,(CRIATURAS!D3:D34=1)*(CRIATURAS!E3:E34=3)*(CRIATURAS!C3:C34="activo"),0)),IF(COUNTIFS(EXPLORADORES!H2:H61,1,EXPLORADORES!I2:I61,3,EXPLORADORES!G2:G61,"<>Eliminado")>0,"Exp x"&COUNTIFS(EXPLORADORES!H2:H61,1,EXPLORADORES!I2:I61,3,EXPLORADORES!G2:G61,"<>Eliminado"),"Mar"))),"Mar") -> Mar | E4: =IFERROR(IF(SUMPRODUCT((TILES!G3:G42=1)*(TILES!H3:H42=4)*(TILES!E3:E42="en juego"))>0,INDEX(TILES!B3:B42,MATCH(1,(TILES!G3:G42=1)*(TILES!H3:H42=4)*(TILES!E3:E42="en juego"),0)),IF(SUMPRODUCT((CRIATURAS!D3:D34=1)*(CRIATURAS!E3:E34=4)*(CRIATURAS!C3:C34="activo"))>0,INDEX(CRIATURAS!B3:B34,MATCH(1,(CRIATURAS!D3:D34=1)*(CRIATURAS!E3:E34=4)*(CRIATURAS!C3:C34="activo"),0)),IF(COUNTIFS(EXPLORADORES!H2:H61,1,EXPLORADORES!I2:I61,4,EXPLORADORES!G2:G61,"<>Eliminado")>0,"Exp x"&COUNTIFS(EXPLORADORES!H2:H61,1,EXPLORADORES!I2:I61,4,EXPLORADORES!G2:G61,"<>Eliminado"),"Mar"))),"Mar") -> Mar | F4: =IFERROR(IF(SUMPRODUCT((TILES!G3:G42=1)*(TILES!H3:H42=5)*(TILES!E3:E42="en juego"))>0,INDEX(TILES!B3:B42,MATCH(1,(TILES!G3:G42=1)*(TILES!H3:H42=5)*(TILES!E3:E42="en juego"),0)),IF(SUMPRODUCT((CRIATURAS!D3:D34=1)*(CRIATURAS!E3:E34=5)*(CRIATURAS!C3:C34="activo"))>0,INDEX(CRIATURAS!B3:B34,MATCH(1,(CRIATURAS!D3:D34=1)*(CRIATURAS!E3:E34=5)*(CRIATURAS!C3:C34="activo"),0)),IF(COUNTIFS(EXPLORADORES!H2:H61,1,EXPLORADORES!I2:I61,5,EXPLORADORES!G2:G61,"<>Eliminado")>0,"Exp x"&COUNTIFS(EXPLORADORES!H2:H61,1,EXPLORADORES!I2:I61,5,EXPLORADORES!G2:G61,"<>Eliminado"),"Mar"))),"Mar") -> Mar | G4: =IFERROR(IF(SUMPRODUCT((TILES!G3:G42=1)*(TILES!H3:H42=6)*(TILES!E3:E42="en juego"))>0,INDEX(TILES!B3:B42,MATCH(1,(TILES!G3:G42=1)*(TILES!H3:H42=6)*(TILES!E3:E42="en juego"),0)),IF(SUMPRODUCT((CRIATURAS!D3:D34=1)*(CRIATURAS!E3:E34=6)*(CRIATURAS!C3:C34="activo"))>0,INDEX(CRIATURAS!B3:B34,MATCH(1,(CRIATURAS!D3:D34=1)*(CRIATURAS!E3:E34=6)*(CRIATURAS!C3:C34="activo"),0)),IF(COUNTIFS(EXPLORADORES!H2:H61,1,EXPLORADORES!I2:I61,6,EXPLORADORES!G2:G61,"<>Eliminado")>0,"Exp x"&COUNTIFS(EXPLORADORES!H2:H61,1,EXPLORADORES!I2:I61,6,EXPLORADORES!G2:G61,"<>Eliminado"),"Mar"))),"Mar") -> Mar | H4: =IFERROR(IF(SUMPRODUCT((TILES!G3:G42=1)*(TILES!H3:H42=7)*(TILES!E3:E42="en juego"))>0,INDEX(TILES!B3:B42,MATCH(1,(TILES!G3:G42=1)*(TILES!H3:H42=7)*(TILES!E3:E42="en juego"),0)),IF(SUMPRODUCT((CRIATURAS!D3:D34=1)*(CRIATURAS!E3:E34=7)*(CRIATURAS!C3:C34="activo"))>0,INDEX(CRIATURAS!B3:B34,MATCH(1,(CRIATURAS!D3:D34=1)*(CRIATURAS!E3:E34=7)*(CRIATURAS!C3:C34="activo"),0)),IF(COUNTIFS(EXPLORADORES!H2:H61,1,EXPLORADORES!I2:I61,7,EXPLORADORES!G2:G61,"<>Eliminado")>0,"Exp x"&COUNTIFS(EXPLORADORES!H2:H61,1,EXPLORADORES!I2:I61,7,EXPLORADORES!G2:G61,"<>Eliminado"),"Mar"))),"Mar") -> Mar | I4: =IFERROR(IF(SUMPRODUCT((TILES!G3:G42=1)*(TILES!H3:H42=8)*(TILES!E3:E42="en juego"))>0,INDEX(TILES!B3:B42,MATCH(1,(TILES!G3:G42=1)*(TILES!H3:H42=8)*(TILES!E3:E42="en juego"),0)),IF(SUMPRODUCT((CRIATURAS!D3:D34=1)*(CRIATURAS!E3:E34=8)*(CRIATURAS!C3:C34="activo"))>0,INDEX(CRIATURAS!B3:B34,MATCH(1,(CRIATURAS!D3:D34=1)*(CRIATURAS!E3:E34=8)*(CRIATURAS!C3:C34="activo"),0)),IF(COUNTIFS(EXPLORADORES!H2:H61,1,EXPLORADORES!I2:I61,8,EXPLORADORES!G2:G61,"<>Eliminado")>0,"Exp x"&COUNTIFS(EXPLORADORES!H2:H61,1,EXPLORADORES!I2:I61,8,EXPLORADORES!G2:G61,"<>Eliminado"),"Mar"))),"Mar") -> Mar | J4: =IFERROR(IF(SUMPRODUCT((TILES!G3:G42=1)*(TILES!H3:H42=9)*(TILES!E3:E42="en juego"))>0,INDEX(TILES!B3:B42,MATCH(1,(TILES!G3:G42=1)*(TILES!H3:H42=9)*(TILES!E3:E42="en juego"),0)),IF(SUMPRODUCT((CRIATURAS!D3:D34=1)*(CRIATURAS!E3:E34=9)*(CRIATURAS!C3:C34="activo"))>0,INDEX(CRIATURAS!B3:B34,MATCH(1,(CRIATURAS!D3:D34=1)*(CRIATURAS!E3:E34=9)*(CRIATURAS!C3:C34="activo"),0)),IF(COUNTIFS(EXPLORADORES!H2:H61,1,EXPLORADORES!I2:I61,9,EXPLORADORES!G2:G61,"<>Eliminado")>0,"Exp x"&COUNTIFS(EXPLORADORES!H2:H61,1,EXPLORADORES!I2:I61,9,EXPLORADORES!G2:G61,"<>Eliminado"),"Mar"))),"Mar") -> Serpiente | K4: =IFERROR(IF(SUMPRODUCT((TILES!G3:G42=1)*(TILES!H3:H42=10)*(TILES!E3:E42="en juego"))>0,INDEX(TILES!B3:B42,MATCH(1,(TILES!G3:G42=1)*(TILES!H3:H42=10)*(TILES!E3:E42="en juego"),0)),IF(SUMPRODUCT((CRIATURAS!D3:D34=1)*(CRIATURAS!E3:E34=10)*(CRIATURAS!C3:C34="activo"))>0,INDEX(CRIATURAS!B3:B34,MATCH(1,(CRIATURAS!D3:D34=1)*(CRIATURAS!E3:E34=10)*(CRIATURAS!C3:C34="activo"),0)),IF(COUNTIFS(EXPLORADORES!H2:H61,1,EXPLORADORES!I2:I61,10,EXPLORADORES!G2:G61,"<>Eliminado")>0,"Exp x"&COUNTIFS(EXPLORADORES!H2:H61,1,EXPLORADORES!I2:I61,10,EXPLORADORES!G2:G61,"<>Eliminado"),"Mar"))),"Mar") -> Mar
A5: F2 | B5: =IFERROR(IF(SUMPRODUCT((TILES!G3:G42=2)*(TILES!H3:H42=1)*(TILES!E3:E42="en juego"))>0,INDEX(TILES!B3:B42,MATCH(1,(TILES!G3:G42=2)*(TILES!H3:H42=1)*(TILES!E3:E42="en juego"),0)),IF(SUMPRODUCT((CRIATURAS!D3:D34=2)*(CRIATURAS!E3:E34=1)*(CRIATURAS!C3:C34="activo"))>0,INDEX(CRIATURAS!B3:B34,MATCH(1,(CRIATURAS!D3:D34=2)*(CRIATURAS!E3:E34=1)*(CRIATURAS!C3:C34="activo"),0)),IF(COUNTIFS(EXPLORADORES!H2:H61,2,EXPLORADORES!I2:I61,1,EXPLORADORES!G2:G61,"<>Eliminado")>0,"Exp x"&COUNTIFS(EXPLORADORES!H2:H61,2,EXPLORADORES!I2:I61,1,EXPLORADORES!G2:G61,"<>Eliminado"),"Mar"))),"Mar") -> Mar | C5: =IFERROR(IF(SUMPRODUCT((TILES!G3:G42=2)*(TILES!H3:H42=2)*(TILES!E3:E42="en juego"))>0,INDEX(TILES!B3:B42,MATCH(1,(TILES!G3:G42=2)*(TILES!H3:H42=2)*(TILES!E3:E42="en juego"),0)),IF(SUMPRODUCT((CRIATURAS!D3:D34=2)*(CRIATURAS!E3:E34=2)*(CRIATURAS!C3:C34="activo"))>0,INDEX(CRIATURAS!B3:B34,MATCH(1,(CRIATURAS!D3:D34=2)*(CRIATURAS!E3:E34=2)*(CRIATURAS!C3:C34="activo"),0)),IF(COUNTIFS(EXPLORADORES!H2:H61,2,EXPLORADORES!I2:I61,2,EXPLORADORES!G2:G61,"<>Eliminado")>0,"Exp x"&COUNTIFS(EXPLORADORES!H2:H61,2,EXPLORADORES!I2:I61,2,EXPLORADORES!G2:G61,"<>Eliminado"),"Mar"))),"Mar") -> Mar | D5: =IFERROR(IF(SUMPRODUCT((TILES!G3:G42=2)*(TILES!H3:H42=3)*(TILES!E3:E42="en juego"))>0,INDEX(TILES!B3:B42,MATCH(1,(TILES!G3:G42=2)*(TILES!H3:H42=3)*(TILES!E3:E42="en juego"),0)),IF(SUMPRODUCT((CRIATURAS!D3:D34=2)*(CRIATURAS!E3:E34=3)*(CRIATURAS!C3:C34="activo"))>0,INDEX(CRIATURAS!B3:B34,MATCH(1,(CRIATURAS!D3:D34=2)*(CRIATURAS!E3:E34=3)*(CRIATURAS!C3:C34="activo"),0)),IF(COUNTIFS(EXPLORADORES!H2:H61,2,EXPLORADORES!I2:I61,3,EXPLORADORES!G2:G61,"<>Eliminado")>0,"Exp x"&COUNTIFS(EXPLORADORES!H2:H61,2,EXPLORADORES!I2:I61,3,EXPLORADORES!G2:G61,"<>Eliminado"),"Mar"))),"Mar") -> Mar | E5: =IFERROR(IF(SUMPRODUCT((TILES!G3:G42=2)*(TILES!H3:H42=4)*(TILES!E3:E42="en juego"))>0,INDEX(TILES!B3:B42,MATCH(1,(TILES!G3:G42=2)*(TILES!H3:H42=4)*(TILES!E3:E42="en juego"),0)),IF(SUMPRODUCT((CRIATURAS!D3:D34=2)*(CRIATURAS!E3:E34=4)*(CRIATURAS!C3:C34="activo"))>0,INDEX(CRIATURAS!B3:B34,MATCH(1,(CRIATURAS!D3:D34=2)*(CRIATURAS!E3:E34=4)*(CRIATURAS!C3:C34="activo"),0)),IF(COUNTIFS(EXPLORADORES!H2:H61,2,EXPLORADORES!I2:I61,4,EXPLORADORES!G2:G61,"<>Eliminado")>0,"Exp x"&COUNTIFS(EXPLORADORES!H2:H61,2,EXPLORADORES!I2:I61,4,EXPLORADORES!G2:G61,"<>Eliminado"),"Mar"))),"Mar") -> Mar | F5: =IFERROR(IF(SUMPRODUCT((TILES!G3:G42=2)*(TILES!H3:H42=5)*(TILES!E3:E42="en juego"))>0,INDEX(TILES!B3:B42,MATCH(1,(TILES!G3:G42=2)*(TILES!H3:H42=5)*(TILES!E3:E42="en juego"),0)),IF(SUMPRODUCT((CRIATURAS!D3:D34=2)*(CRIATURAS!E3:E34=5)*(CRIATURAS!C3:C34="activo"))>0,INDEX(CRIATURAS!B3:B34,MATCH(1,(CRIATURAS!D3:D34=2)*(CRIATURAS!E3:E34=5)*(CRIATURAS!C3:C34="activo"),0)),IF(COUNTIFS(EXPLORADORES!H2:H61,2,EXPLORADORES!I2:I61,5,EXPLORADORES!G2:G61,"<>Eliminado")>0,"Exp x"&COUNTIFS(EXPLORADORES!H2:H61,2,EXPLORADORES!I2:I61,5,EXPLORADORES!G2:G61,"<>Eliminado"),"Mar"))),"Mar") -> Mar | G5: =IFERROR(IF(SUMPRODUCT((TILES!G3:G42=2)*(TILES!H3:H42=6)*(TILES!E3:E42="en juego"))>0,INDEX(TILES!B3:B42,MATCH(1,(TILES!G3:G42=2)*(TILES!H3:H42=6)*(TILES!E3:E42="en juego"),0)),IF(SUMPRODUCT((CRIATURAS!D3:D34=2)*(CRIATURAS!E3:E34=6)*(CRIATURAS!C3:C34="activo"))>0,INDEX(CRIATURAS!B3:B34,MATCH(1,(CRIATURAS!D3:D34=2)*(CRIATURAS!E3:E34=6)*(CRIATURAS!C3:C34="activo"),0)),IF(COUNTIFS(EXPLORADORES!H2:H61,2,EXPLORADORES!I2:I61,6,EXPLORADORES!G2:G61,"<>Eliminado")>0,"Exp x"&COUNTIFS(EXPLORADORES!H2:H61,2,EXPLORADORES!I2:I61,6,EXPLORADORES!G2:G61,"<>Eliminado"),"Mar"))),"Mar") -> Mar | H5: =IFERROR(IF(SUMPRODUCT((TILES!G3:G42=2)*(TILES!H3:H42=7)*(TILES!E3:E42="en juego"))>0,INDEX(TILES!B3:B42,MATCH(1,(TILES!G3:G42=2)*(TILES!H3:H42=7)*(TILES!E3:E42="en juego"),0)),IF(SUMPRODUCT((CRIATURAS!D3:D34=2)*(CRIATURAS!E3:E34=7)*(CRIATURAS!C3:C34="activo"))>0,INDEX(CRIATURAS!B3:B34,MATCH(1,(CRIATURAS!D3:D34=2)*(CRIATURAS!E3:E34=7)*(CRIATURAS!C3:C34="activo"),0)),IF(COUNTIFS(EXPLORADORES!H2:H61,2,EXPLORADORES!I2:I61,7,EXPLORADORES!G2:G61,"<>Eliminado")>0,"Exp x"&COUNTIFS(EXPLORADORES!H2:H61,2,EXPLORADORES!I2:I61,7,EXPLORADORES!G2:G61,"<>Eliminado"),"Mar"))),"Mar") -> Mar | I5: =IFERROR(IF(SUMPRODUCT((TILES!G3:G42=2)*(TILES!H3:H42=8)*(TILES!E3:E42="en juego"))>0,INDEX(TILES!B3:B42,MATCH(1,(TILES!G3:G42=2)*(TILES!H3:H42=8)*(TILES!E3:E42="en juego"),0)),IF(SUMPRODUCT((CRIATURAS!D3:D34=2)*(CRIATURAS!E3:E34=8)*(CRIATURAS!C3:C34="activo"))>0,INDEX(CRIATURAS!B3:B34,MATCH(1,(CRIATURAS!D3:D34=2)*(CRIATURAS!E3:E34=8)*(CRIATURAS!C3:C34="activo"),0)),IF(COUNTIFS(EXPLORADORES!H2:H61,2,EXPLORADORES!I2:I61,8,EXPLORADORES!G2:G61,"<>Eliminado")>0,"Exp x"&COUNTIFS(EXPLORADORES!H2:H61,2,EXPLORADORES!I2:I61,8,EXPLORADORES!G2:G61,"<>Eliminado"),"Mar"))),"Mar") -> Mar | J5: =IFERROR(IF(SUMPRODUCT((TILES!G3:G42=2)*(TILES!H3:H42=9)*(TILES!E3:E42="en juego"))>0,INDEX(TILES!B3:B42,MATCH(1,(TILES!G3:G42=2)*(TILES!H3:H42=9)*(TILES!E3:E42="en juego"),0)),IF(SUMPRODUCT((CRIATURAS!D3:D34=2)*(CRIATURAS!E3:E34=9)*(CRIATURAS!C3:C34="activo"))>0,INDEX(CRIATURAS!B3:B34,MATCH(1,(CRIATURAS!D3:D34=2)*(CRIATURAS!E3:E34=9)*(CRIATURAS!C3:C34="activo"),0)),IF(COUNTIFS(EXPLORADORES!H2:H61,2,EXPLORADORES!I2:I61,9,EXPLORADORES!G2:G61,"<>Eliminado")>0,"Exp x"&COUNTIFS(EXPLORADORES!H2:H61,2,EXPLORADORES!I2:I61,9,EXPLORADORES!G2:G61,"<>Eliminado"),"Mar"))),"Mar") -> Mar | K5: =IFERROR(IF(SUMPRODUCT((TILES!G3:G42=2)*(TILES!H3:H42=10)*(TILES!E3:E42="en juego"))>0,INDEX(TILES!B3:B42,MATCH(1,(TILES!G3:G42=2)*(TILES!H3:H42=10)*(TILES!E3:E42="en juego"),0)),IF(SUMPRODUCT((CRIATURAS!D3:D34=2)*(CRIATURAS!E3:E34=10)*(CRIATURAS!C3:C34="activo"))>0,INDEX(CRIATURAS!B3:B34,MATCH(1,(CRIATURAS!D3:D34=2)*(CRIATURAS!E3:E34=10)*(CRIATURAS!C3:C34="activo"),0)),IF(COUNTIFS(EXPLORADORES!H2:H61,2,EXPLORADORES!I2:I61,10,EXPLORADORES!G2:G61,"<>Eliminado")>0,"Exp x"&COUNTIFS(EXPLORADORES!H2:H61,2,EXPLORADORES!I2:I61,10,EXPLORADORES!G2:G61,"<>Eliminado"),"Mar"))),"Mar") -> Mar
A6: F3 | B6: =IFERROR(IF(SUMPRODUCT((TILES!G3:G42=3)*(TILES!H3:H42=1)*(TILES!E3:E42="en juego"))>0,INDEX(TILES!B3:B42,MATCH(1,(TILES!G3:G42=3)*(TILES!H3:H42=1)*(TILES!E3:E42="en juego"),0)),IF(SUMPRODUCT((CRIATURAS!D3:D34=3)*(CRIATURAS!E3:E34=1)*(CRIATURAS!C3:C34="activo"))>0,INDEX(CRIATURAS!B3:B34,MATCH(1,(CRIATURAS!D3:D34=3)*(CRIATURAS!E3:E34=1)*(CRIATURAS!C3:C34="activo"),0)),IF(COUNTIFS(EXPLORADORES!H2:H61,3,EXPLORADORES!I2:I61,1,EXPLORADORES!G2:G61,"<>Eliminado")>0,"Exp x"&COUNTIFS(EXPLORADORES!H2:H61,3,EXPLORADORES!I2:I61,1,EXPLORADORES!G2:G61,"<>Eliminado"),"Mar"))),"Mar") -> Mar | C6: =IFERROR(IF(SUMPRODUCT((TILES!G3:G42=3)*(TILES!H3:H42=2)*(TILES!E3:E42="en juego"))>0,INDEX(TILES!B3:B42,MATCH(1,(TILES!G3:G42=3)*(TILES!H3:H42=2)*(TILES!E3:E42="en juego"),0)),IF(SUMPRODUCT((CRIATURAS!D3:D34=3)*(CRIATURAS!E3:E34=2)*(CRIATURAS!C3:C34="activo"))>0,INDEX(CRIATURAS!B3:B34,MATCH(1,(CRIATURAS!D3:D34=3)*(CRIATURAS!E3:E34=2)*(CRIATURAS!C3:C34="activo"),0)),IF(COUNTIFS(EXPLORADORES!H2:H61,3,EXPLORADORES!I2:I61,2,EXPLORADORES!G2:G61,"<>Eliminado")>0,"Exp x"&COUNTIFS(EXPLORADORES!H2:H61,3,EXPLORADORES!I2:I61,2,EXPLORADORES!G2:G61,"<>Eliminado"),"Mar"))),"Mar") -> Mar | D6: =IFERROR(IF(SUMPRODUCT((TILES!G3:G42=3)*(TILES!H3:H42=3)*(TILES!E3:E42="en juego"))>0,INDEX(TILES!B3:B42,MATCH(1,(TILES!G3:G42=3)*(TILES!H3:H42=3)*(TILES!E3:E42="en juego"),0)),IF(SUMPRODUCT((CRIATURAS!D3:D34=3)*(CRIATURAS!E3:E34=3)*(CRIATURAS!C3:C34="activo"))>0,INDEX(CRIATURAS!B3:B34,MATCH(1,(CRIATURAS!D3:D34=3)*(CRIATURAS!E3:E34=3)*(CRIATURAS!C3:C34="activo"),0)),IF(COUNTIFS(EXPLORADORES!H2:H61,3,EXPLORADORES!I2:I61,3,EXPLORADORES!G2:G61,"<>Eliminado")>0,"Exp x"&COUNTIFS(EXPLORADORES!H2:H61,3,EXPLORADORES!I2:I61,3,EXPLORADORES!G2:G61,"<>Eliminado"),"Mar"))),"Mar") -> Playa | E6: =IFERROR(IF(SUMPRODUCT((TILES!G3:G42=3)*(TILES!H3:H42=4)*(TILES!E3:E42="en juego"))>0,INDEX(TILES!B3:B42,MATCH(1,(TILES!G3:G42=3)*(TILES!H3:H42=4)*(TILES!E3:E42="en juego"),0)),IF(SUMPRODUCT((CRIATURAS!D3:D34=3)*(CRIATURAS!E3:E34=4)*(CRIATURAS!C3:C34="activo"))>0,INDEX(CRIATURAS!B3:B34,MATCH(1,(CRIATURAS!D3:D34=3)*(CRIATURAS!E3:E34=4)*(CRIATURAS!C3:C34="activo"),0)),IF(COUNTIFS(EXPLORADORES!H2:H61,3,EXPLORADORES!I2:I61,4,EXPLORADORES!G2:G61,"<>Eliminado")>0,"Exp x"&COUNTIFS(EXPLORADORES!H2:H61,3,EXPLORADORES!I2:I61,4,EXPLORADORES!G2:G61,"<>Eliminado"),"Mar"))),"Mar") -> Playa | F6: =IFERROR(IF(SUMPRODUCT((TILES!G3:G42=3)*(TILES!H3:H42=5)*(TILES!E3:E42="en juego"))>0,INDEX(TILES!B3:B42,MATCH(1,(TILES!G3:G42=3)*(TILES!H3:H42=5)*(TILES!E3:E42="en juego"),0)),IF(SUMPRODUCT((CRIATURAS!D3:D34=3)*(CRIATURAS!E3:E34=5)*(CRIATURAS!C3:C34="activo"))>0,INDEX(CRIATURAS!B3:B34,MATCH(1,(CRIATURAS!D3:D34=3)*(CRIATURAS!E3:E34=5)*(CRIATURAS!C3:C34="activo"),0)),IF(COUNTIFS(EXPLORADORES!H2:H61,3,EXPLORADORES!I2:I61,5,EXPLORADORES!G2:G61,"<>Eliminado")>0,"Exp x"&COUNTIFS(EXPLORADORES!H2:H61,3,EXPLORADORES!I2:I61,5,EXPLORADORES!G2:G61,"<>Eliminado"),"Mar"))),"Mar") -> Playa | G6: =IFERROR(IF(SUMPRODUCT((TILES!G3:G42=3)*(TILES!H3:H42=6)*(TILES!E3:E42="en juego"))>0,INDEX(TILES!B3:B42,MATCH(1,(TILES!G3:G42=3)*(TILES!H3:H42=6)*(TILES!E3:E42="en juego"),0)),IF(SUMPRODUCT((CRIATURAS!D3:D34=3)*(CRIATURAS!E3:E34=6)*(CRIATURAS!C3:C34="activo"))>0,INDEX(CRIATURAS!B3:B34,MATCH(1,(CRIATURAS!D3:D34=3)*(CRIATURAS!E3:E34=6)*(CRIATURAS!C3:C34="activo"),0)),IF(COUNTIFS(EXPLORADORES!H2:H61,3,EXPLORADORES!I2:I61,6,EXPLORADORES!G2:G61,"<>Eliminado")>0,"Exp x"&COUNTIFS(EXPLORADORES!H2:H61,3,EXPLORADORES!I2:I61,6,EXPLORADORES!G2:G61,"<>Eliminado"),"Mar"))),"Mar") -> Montana | H6: =IFERROR(IF(SUMPRODUCT((TILES!G3:G42=3)*(TILES!H3:H42=7)*(TILES!E3:E42="en juego"))>0,INDEX(TILES!B3:B42,MATCH(1,(TILES!G3:G42=3)*(TILES!H3:H42=7)*(TILES!E3:E42="en juego"),0)),IF(SUMPRODUCT((CRIATURAS!D3:D34=3)*(CRIATURAS!E3:E34=7)*(CRIATURAS!C3:C34="activo"))>0,INDEX(CRIATURAS!B3:B34,MATCH(1,(CRIATURAS!D3:D34=3)*(CRIATURAS!E3:E34=7)*(CRIATURAS!C3:C34="activo"),0)),IF(COUNTIFS(EXPLORADORES!H2:H61,3,EXPLORADORES!I2:I61,7,EXPLORADORES!G2:G61,"<>Eliminado")>0,"Exp x"&COUNTIFS(EXPLORADORES!H2:H61,3,EXPLORADORES!I2:I61,7,EXPLORADORES!G2:G61,"<>Eliminado"),"Mar"))),"Mar") -> Bosque | I6: =IFERROR(IF(SUMPRODUCT((TILES!G3:G42=3)*(TILES!H3:H42=8)*(TILES!E3:E42="en juego"))>0,INDEX(TILES!B3:B42,MATCH(1,(TILES!G3:G42=3)*(TILES!H3:H42=8)*(TILES!E3:E42="en juego"),0)),IF(SUMPRODUCT((CRIATURAS!D3:D34=3)*(CRIATURAS!E3:E34=8)*(CRIATURAS!C3:C34="activo"))>0,INDEX(CRIATURAS!B3:B34,MATCH(1,(CRIATURAS!D3:D34=3)*(CRIATURAS!E3:E34=8)*(CRIATURAS!C3:C34="activo"),0)),IF(COUNTIFS(EXPLORADORES!H2:H61,3,EXPLORADORES!I2:I61,8,EXPLORADORES!G2:G61,"<>Eliminado")>0,"Exp x"&COUNTIFS(EXPLORADORES!H2:H61,3,EXPLORADORES!I2:I61,8,EXPLORADORES!G2:G61,"<>Eliminado"),"Mar"))),"Mar") -> Bosque | J6: =IFERROR(IF(SUMPRODUCT((TILES!G3:G42=3)*(TILES!H3:H42=9)*(TILES!E3:E42="en juego"))>0,INDEX(TILES!B3:B42,MATCH(1,(TILES!G3:G42=3)*(TILES!H3:H42=9)*(TILES!E3:E42="en juego"),0)),IF(SUMPRODUCT((CRIATURAS!D3:D34=3)*(CRIATURAS!E3:E34=9)*(CRIATURAS!C3:C34="activo"))>0,INDEX(CRIATURAS!B3:B34,MATCH(1,(CRIATURAS!D3:D34=3)*(CRIATURAS!E3:E34=9)*(CRIATURAS!C3:C34="activo"),0)),IF(COUNTIFS(EXPLORADORES!H2:H61,3,EXPLORADORES!I2:I61,9,EXPLORADORES!G2:G61,"<>Eliminado")>0,"Exp x"&COUNTIFS(EXPLORADORES!H2:H61,3,EXPLORADORES!I2:I61,9,EXPLORADORES!G2:G61,"<>Eliminado"),"Mar"))),"Mar") -> Bosque | K6: =IFERROR(IF(SUMPRODUCT((TILES!G3:G42=3)*(TILES!H3:H42=10)*(TILES!E3:E42="en juego"))>0,INDEX(TILES!B3:B42,MATCH(1,(TILES!G3:G42=3)*(TILES!H3:H42=10)*(TILES!E3:E42="en juego"),0)),IF(SUMPRODUCT((CRIATURAS!D3:D34=3)*(CRIATURAS!E3:E34=10)*(CRIATURAS!C3:C34="activo"))>0,INDEX(CRIATURAS!B3:B34,MATCH(1,(CRIATURAS!D3:D34=3)*(CRIATURAS!E3:E34=10)*(CRIATURAS!C3:C34="activo"),0)),IF(COUNTIFS(EXPLORADORES!H2:H61,3,EXPLORADORES!I2:I61,10,EXPLORADORES!G2:G61,"<>Eliminado")>0,"Exp x"&COUNTIFS(EXPLORADORES!H2:H61,3,EXPLORADORES!I2:I61,10,EXPLORADORES!G2:G61,"<>Eliminado"),"Mar"))),"Mar") -> Playa
A7: F4 | B7: =IFERROR(IF(SUMPRODUCT((TILES!G3:G42=4)*(TILES!H3:H42=1)*(TILES!E3:E42="en juego"))>0,INDEX(TILES!B3:B42,MATCH(1,(TILES!G3:G42=4)*(TILES!H3:H42=1)*(TILES!E3:E42="en juego"),0)),IF(SUMPRODUCT((CRIATURAS!D3:D34=4)*(CRIATURAS!E3:E34=1)*(CRIATURAS!C3:C34="activo"))>0,INDEX(CRIATURAS!B3:B34,MATCH(1,(CRIATURAS!D3:D34=4)*(CRIATURAS!E3:E34=1)*(CRIATURAS!C3:C34="activo"),0)),IF(COUNTIFS(EXPLORADORES!H2:H61,4,EXPLORADORES!I2:I61,1,EXPLORADORES!G2:G61,"<>Eliminado")>0,"Exp x"&COUNTIFS(EXPLORADORES!H2:H61,4,EXPLORADORES!I2:I61,1,EXPLORADORES!G2:G61,"<>Eliminado"),"Mar"))),"Mar") -> Serpiente | C7: =IFERROR(IF(SUMPRODUCT((TILES!G3:G42=4)*(TILES!H3:H42=2)*(TILES!E3:E42="en juego"))>0,INDEX(TILES!B3:B42,MATCH(1,(TILES!G3:G42=4)*(TILES!H3:H42=2)*(TILES!E3:E42="en juego"),0)),IF(SUMPRODUCT((CRIATURAS!D3:D34=4)*(CRIATURAS!E3:E34=2)*(CRIATURAS!C3:C34="activo"))>0,INDEX(CRIATURAS!B3:B34,MATCH(1,(CRIATURAS!D3:D34=4)*(CRIATURAS!E3:E34=2)*(CRIATURAS!C3:C34="activo"),0)),IF(COUNTIFS(EXPLORADORES!H2:H61,4,EXPLORADORES!I2:I61,2,EXPLORADORES!G2:G61,"<>Eliminado")>0,"Exp x"&COUNTIFS(EXPLORADORES!H2:H61,4,EXPLORADORES!I2:I61,2,EXPLORADORES!G2:G61,"<>Eliminado"),"Mar"))),"Mar") -> Mar | D7: =IFERROR(IF(SUMPRODUCT((TILES!G3:G42=4)*(TILES!H3:H42=3)*(TILES!E3:E42="en juego"))>0,INDEX(TILES!B3:B42,MATCH(1,(TILES!G3:G42=4)*(TILES!H3:H42=3)*(TILES!E3:E42="en juego"),0)),IF(SUMPRODUCT((CRIATURAS!D3:D34=4)*(CRIATURAS!E3:E34=3)*(CRIATURAS!C3:C34="activo"))>0,INDEX(CRIATURAS!B3:B34,MATCH(1,(CRIATURAS!D3:D34=4)*(CRIATURAS!E3:E34=3)*(CRIATURAS!C3:C34="activo"),0)),IF(COUNTIFS(EXPLORADORES!H2:H61,4,EXPLORADORES!I2:I61,3,EXPLORADORES!G2:G61,"<>Eliminado")>0,"Exp x"&COUNTIFS(EXPLORADORES!H2:H61,4,EXPLORADORES!I2:I61,3,EXPLORADORES!G2:G61,"<>Eliminado"),"Mar"))),"Mar") -> Playa | E7: =IFERROR(IF(SUMPRODUCT((TILES!G3:G42=4)*(TILES!H3:H42=4)*(TILES!E3:E42="en juego"))>0,INDEX(TILES!B3:B42,MATCH(1,(TILES!G3:G42=4)*(TILES!H3:H42=4)*(TILES!E3:E42="en juego"),0)),IF(SUMPRODUCT((CRIATURAS!D3:D34=4)*(CRIATURAS!E3:E34=4)*(CRIATURAS!C3:C34="activo"))>0,INDEX(CRIATURAS!B3:B34,MATCH(1,(CRIATURAS!D3:D34=4)*(CRIATURAS!E3:E34=4)*(CRIATURAS!C3:C34="activo"),0)),IF(COUNTIFS(EXPLORADORES!H2:H61,4,EXPLORADORES!I2:I61,4,EXPLORADORES!G2:G61,"<>Eliminado")>0,"Exp x"&COUNTIFS(EXPLORADORES!H2:H61,4,EXPLORADORES!I2:I61,4,EXPLORADORES!G2:G61,"<>Eliminado"),"Mar"))),"Mar") -> Montana | F7: =IFERROR(IF(SUMPRODUCT((TILES!G3:G42=4)*(TILES!H3:H42=5)*(TILES!E3:E42="en juego"))>0,INDEX(TILES!B3:B42,MATCH(1,(TILES!G3:G42=4)*(TILES!H3:H42=5)*(TILES!E3:E42="en juego"),0)),IF(SUMPRODUCT((CRIATURAS!D3:D34=4)*(CRIATURAS!E3:E34=5)*(CRIATURAS!C3:C34="activo"))>0,INDEX(CRIATURAS!B3:B34,MATCH(1,(CRIATURAS!D3:D34=4)*(CRIATURAS!E3:E34=5)*(CRIATURAS!C3:C34="activo"),0)),IF(COUNTIFS(EXPLORADORES!H2:H61,4,EXPLORADORES!I2:I61,5,EXPLORADORES!G2:G61,"<>Eliminado")>0,"Exp x"&COUNTIFS(EXPLORADORES!H2:H61,4,EXPLORADORES!I2:I61,5,EXPLORADORES!G2:G61,"<>Eliminado"),"Mar"))),"Mar") -> Bosque | G7: =IFERROR(IF(SUMPRODUCT((TILES!G3:G42=4)*(TILES!H3:H42=6)*(TILES!E3:E42="en juego"))>0,INDEX(TILES!B3:B42,MATCH(1,(TILES!G3:G42=4)*(TILES!H3:H42=6)*(TILES!E3:E42="en juego"),0)),IF(SUMPRODUCT((CRIATURAS!D3:D34=4)*(CRIATURAS!E3:E34=6)*(CRIATURAS!C3:C34="activo"))>0,INDEX(CRIATURAS!B3:B34,MATCH(1,(CRIATURAS!D3:D34=4)*(CRIATURAS!E3:E34=6)*(CRIATURAS!C3:C34="activo"),0)),IF(COUNTIFS(EXPLORADORES!H2:H61,4,EXPLORADORES!I2:I61,6,EXPLORADORES!G2:G61,"<>Eliminado")>0,"Exp x"&COUNTIFS(EXPLORADORES!H2:H61,4,EXPLORADORES!I2:I61,6,EXPLORADORES!G2:G61,"<>Eliminado"),"Mar"))),"Mar") -> Bosque | H7: =IFERROR(IF(SUMPRODUCT((TILES!G3:G42=4)*(TILES!H3:H42=7)*(TILES!E3:E42="en juego"))>0,INDEX(TILES!B3:B42,MATCH(1,(TILES!G3:G42=4)*(TILES!H3:H42=7)*(TILES!E3:E42="en juego"),0)),IF(SUMPRODUCT((CRIATURAS!D3:D34=4)*(CRIATURAS!E3:E34=7)*(CRIATURAS!C3:C34="activo"))>0,INDEX(CRIATURAS!B3:B34,MATCH(1,(CRIATURAS!D3:D34=4)*(CRIATURAS!E3:E34=7)*(CRIATURAS!C3:C34="activo"),0)),IF(COUNTIFS(EXPLORADORES!H2:H61,4,EXPLORADORES!I2:I61,7,EXPLORADORES!G2:G61,"<>Eliminado")>0,"Exp x"&COUNTIFS(EXPLORADORES!H2:H61,4,EXPLORADORES!I2:I61,7,EXPLORADORES!G2:G61,"<>Eliminado"),"Mar"))),"Mar") -> Bosque | I7: =IFERROR(IF(SUMPRODUCT((TILES!G3:G42=4)*(TILES!H3:H42=8)*(TILES!E3:E42="en juego"))>0,INDEX(TILES!B3:B42,MATCH(1,(TILES!G3:G42=4)*(TILES!H3:H42=8)*(TILES!E3:E42="en juego"),0)),IF(SUMPRODUCT((CRIATURAS!D3:D34=4)*(CRIATURAS!E3:E34=8)*(CRIATURAS!C3:C34="activo"))>0,INDEX(CRIATURAS!B3:B34,MATCH(1,(CRIATURAS!D3:D34=4)*(CRIATURAS!E3:E34=8)*(CRIATURAS!C3:C34="activo"),0)),IF(COUNTIFS(EXPLORADORES!H2:H61,4,EXPLORADORES!I2:I61,8,EXPLORADORES!G2:G61,"<>Eliminado")>0,"Exp x"&COUNTIFS(EXPLORADORES!H2:H61,4,EXPLORADORES!I2:I61,8,EXPLORADORES!G2:G61,"<>Eliminado"),"Mar"))),"Mar") -> Bosque | J7: =IFERROR(IF(SUMPRODUCT((TILES!G3:G42=4)*(TILES!H3:H42=9)*(TILES!E3:E42="en juego"))>0,INDEX(TILES!B3:B42,MATCH(1,(TILES!G3:G42=4)*(TILES!H3:H42=9)*(TILES!E3:E42="en juego"),0)),IF(SUMPRODUCT((CRIATURAS!D3:D34=4)*(CRIATURAS!E3:E34=9)*(CRIATURAS!C3:C34="activo"))>0,INDEX(CRIATURAS!B3:B34,MATCH(1,(CRIATURAS!D3:D34=4)*(CRIATURAS!E3:E34=9)*(CRIATURAS!C3:C34="activo"),0)),IF(COUNTIFS(EXPLORADORES!H2:H61,4,EXPLORADORES!I2:I61,9,EXPLORADORES!G2:G61,"<>Eliminado")>0,"Exp x"&COUNTIFS(EXPLORADORES!H2:H61,4,EXPLORADORES!I2:I61,9,EXPLORADORES!G2:G61,"<>Eliminado"),"Mar"))),"Mar") -> Playa | K7: =IFERROR(IF(SUMPRODUCT((TILES!G3:G42=4)*(TILES!H3:H42=10)*(TILES!E3:E42="en juego"))>0,INDEX(TILES!B3:B42,MATCH(1,(TILES!G3:G42=4)*(TILES!H3:H42=10)*(TILES!E3:E42="en juego"),0)),IF(SUMPRODUCT((CRIATURAS!D3:D34=4)*(CRIATURAS!E3:E34=10)*(CRIATURAS!C3:C34="activo"))>0,INDEX(CRIATURAS!B3:B34,MATCH(1,(CRIATURAS!D3:D34=4)*(CRIATURAS!E3:E34=10)*(CRIATURAS!C3:C34="activo"),0)),IF(COUNTIFS(EXPLORADORES!H2:H61,4,EXPLORADORES!I2:I61,10,EXPLORADORES!G2:G61,"<>Eliminado")>0,"Exp x"&COUNTIFS(EXPLORADORES!H2:H61,4,EXPLORADORES!I2:I61,10,EXPLORADORES!G2:G61,"<>Eliminado"),"Mar"))),"Mar") -> Montana
A8: F5 | B8: =IFERROR(IF(SUMPRODUCT((TILES!G3:G42=5)*(TILES!H3:H42=1)*(TILES!E3:E42="en juego"))>0,INDEX(TILES!B3:B42,MATCH(1,(TILES!G3:G42=5)*(TILES!H3:H42=1)*(TILES!E3:E42="en juego"),0)),IF(SUMPRODUCT((CRIATURAS!D3:D34=5)*(CRIATURAS!E3:E34=1)*(CRIATURAS!C3:C34="activo"))>0,INDEX(CRIATURAS!B3:B34,MATCH(1,(CRIATURAS!D3:D34=5)*(CRIATURAS!E3:E34=1)*(CRIATURAS!C3:C34="activo"),0)),IF(COUNTIFS(EXPLORADORES!H2:H61,5,EXPLORADORES!I2:I61,1,EXPLORADORES!G2:G61,"<>Eliminado")>0,"Exp x"&COUNTIFS(EXPLORADORES!H2:H61,5,EXPLORADORES!I2:I61,1,EXPLORADORES!G2:G61,"<>Eliminado"),"Mar"))),"Mar") -> Mar | C8: =IFERROR(IF(SUMPRODUCT((TILES!G3:G42=5)*(TILES!H3:H42=2)*(TILES!E3:E42="en juego"))>0,INDEX(TILES!B3:B42,MATCH(1,(TILES!G3:G42=5)*(TILES!H3:H42=2)*(TILES!E3:E42="en juego"),0)),IF(SUMPRODUCT((CRIATURAS!D3:D34=5)*(CRIATURAS!E3:E34=2)*(CRIATURAS!C3:C34="activo"))>0,INDEX(CRIATURAS!B3:B34,MATCH(1,(CRIATURAS!D3:D34=5)*(CRIATURAS!E3:E34=2)*(CRIATURAS!C3:C34="activo"),0)),IF(COUNTIFS(EXPLORADORES!H2:H61,5,EXPLORADORES!I2:I61,2,EXPLORADORES!G2:G61,"<>Eliminado")>0,"Exp x"&COUNTIFS(EXPLORADORES!H2:H61,5,EXPLORADORES!I2:I61,2,EXPLORADORES!G2:G61,"<>Eliminado"),"Mar"))),"Mar") -> Mar | D8: =IFERROR(IF(SUMPRODUCT((TILES!G3:G42=5)*(TILES!H3:H42=3)*(TILES!E3:E42="en juego"))>0,INDEX(TILES!B3:B42,MATCH(1,(TILES!G3:G42=5)*(TILES!H3:H42=3)*(TILES!E3:E42="en juego"),0)),IF(SUMPRODUCT((CRIATURAS!D3:D34=5)*(CRIATURAS!E3:E34=3)*(CRIATURAS!C3:C34="activo"))>0,INDEX(CRIATURAS!B3:B34,MATCH(1,(CRIATURAS!D3:D34=5)*(CRIATURAS!E3:E34=3)*(CRIATURAS!C3:C34="activo"),0)),IF(COUNTIFS(EXPLORADORES!H2:H61,5,EXPLORADORES!I2:I61,3,EXPLORADORES!G2:G61,"<>Eliminado")>0,"Exp x"&COUNTIFS(EXPLORADORES!H2:H61,5,EXPLORADORES!I2:I61,3,EXPLORADORES!G2:G61,"<>Eliminado"),"Mar"))),"Mar") -> Montana | E8: =IFERROR(IF(SUMPRODUCT((TILES!G3:G42=5)*(TILES!H3:H42=4)*(TILES!E3:E42="en juego"))>0,INDEX(TILES!B3:B42,MATCH(1,(TILES!G3:G42=5)*(TILES!H3:H42=4)*(TILES!E3:E42="en juego"),0)),IF(SUMPRODUCT((CRIATURAS!D3:D34=5)*(CRIATURAS!E3:E34=4)*(CRIATURAS!C3:C34="activo"))>0,INDEX(CRIATURAS!B3:B34,MATCH(1,(CRIATURAS!D3:D34=5)*(CRIATURAS!E3:E34=4)*(CRIATURAS!C3:C34="activo"),0)),IF(COUNTIFS(EXPLORADORES!H2:H61,5,EXPLORADORES!I2:I61,4,EXPLORADORES!G2:G61,"<>Eliminado")>0,"Exp x"&COUNTIFS(EXPLORADORES!H2:H61,5,EXPLORADORES!I2:I61,4,EXPLORADORES!G2:G61,"<>Eliminado"),"Mar"))),"Mar") -> Bosque | F8: =IFERROR(IF(SUMPRODUCT((TILES!G3:G42=5)*(TILES!H3:H42=5)*(TILES!E3:E42="en juego"))>0,INDEX(TILES!B3:B42,MATCH(1,(TILES!G3:G42=5)*(TILES!H3:H42=5)*(TILES!E3:E42="en juego"),0)),IF(SUMPRODUCT((CRIATURAS!D3:D34=5)*(CRIATURAS!E3:E34=5)*(CRIATURAS!C3:C34="activo"))>0,INDEX(CRIATURAS!B3:B34,MATCH(1,(CRIATURAS!D3:D34=5)*(CRIATURAS!E3:E34=5)*(CRIATURAS!C3:C34="activo"),0)),IF(COUNTIFS(EXPLORADORES!H2:H61,5,EXPLORADORES!I2:I61,5,EXPLORADORES!G2:G61,"<>Eliminado")>0,"Exp x"&COUNTIFS(EXPLORADORES!H2:H61,5,EXPLORADORES!I2:I61,5,EXPLORADORES!G2:G61,"<>Eliminado"),"Mar"))),"Mar") -> Playa | G8: =IFERROR(IF(SUMPRODUCT((TILES!G3:G42=5)*(TILES!H3:H42=6)*(TILES!E3:E42="en juego"))>0,INDEX(TILES!B3:B42,MATCH(1,(TILES!G3:G42=5)*(TILES!H3:H42=6)*(TILES!E3:E42="en juego"),0)),IF(SUMPRODUCT((CRIATURAS!D3:D34=5)*(CRIATURAS!E3:E34=6)*(CRIATURAS!C3:C34="activo"))>0,INDEX(CRIATURAS!B3:B34,MATCH(1,(CRIATURAS!D3:D34=5)*(CRIATURAS!E3:E34=6)*(CRIATURAS!C3:C34="activo"),0)),IF(COUNTIFS(EXPLORADORES!H2:H61,5,EXPLORADORES!I2:I61,6,EXPLORADORES!G2:G61,"<>Eliminado")>0,"Exp x"&COUNTIFS(EXPLORADORES!H2:H61,5,EXPLORADORES!I2:I61,6,EXPLORADORES!G2:G61,"<>Eliminado"),"Mar"))),"Mar") -> Bosque | H8: =IFERROR(IF(SUMPRODUCT((TILES!G3:G42=5)*(TILES!H3:H42=7)*(TILES!E3:E42="en juego"))>0,INDEX(TILES!B3:B42,MATCH(1,(TILES!G3:G42=5)*(TILES!H3:H42=7)*(TILES!E3:E42="en juego"),0)),IF(SUMPRODUCT((CRIATURAS!D3:D34=5)*(CRIATURAS!E3:E34=7)*(CRIATURAS!C3:C34="activo"))>0,INDEX(CRIATURAS!B3:B34,MATCH(1,(CRIATURAS!D3:D34=5)*(CRIATURAS!E3:E34=7)*(CRIATURAS!C3:C34="activo"),0)),IF(COUNTIFS(EXPLORADORES!H2:H61,5,EXPLORADORES!I2:I61,7,EXPLORADORES!G2:G61,"<>Eliminado")>0,"Exp x"&COUNTIFS(EXPLORADORES!H2:H61,5,EXPLORADORES!I2:I61,7,EXPLORADORES!G2:G61,"<>Eliminado"),"Mar"))),"Mar") -> Bosque | I8: =IFERROR(IF(SUMPRODUCT((TILES!G3:G42=5)*(TILES!H3:H42=8)*(TILES!E3:E42="en juego"))>0,INDEX(TILES!B3:B42,MATCH(1,(TILES!G3:G42=5)*(TILES!H3:H42=8)*(TILES!E3:E42="en juego"),0)),IF(SUMPRODUCT((CRIATURAS!D3:D34=5)*(CRIATURAS!E3:E34=8)*(CRIATURAS!C3:C34="activo"))>0,INDEX(CRIATURAS!B3:B34,MATCH(1,(CRIATURAS!D3:D34=5)*(CRIATURAS!E3:E34=8)*(CRIATURAS!C3:C34="activo"),0)),IF(COUNTIFS(EXPLORADORES!H2:H61,5,EXPLORADORES!I2:I61,8,EXPLORADORES!G2:G61,"<>Eliminado")>0,"Exp x"&COUNTIFS(EXPLORADORES!H2:H61,5,EXPLORADORES!I2:I61,8,EXPLORADORES!G2:G61,"<>Eliminado"),"Mar"))),"Mar") -> Bosque | J8: =IFERROR(IF(SUMPRODUCT((TILES!G3:G42=5)*(TILES!H3:H42=9)*(TILES!E3:E42="en juego"))>0,INDEX(TILES!B3:B42,MATCH(1,(TILES!G3:G42=5)*(TILES!H3:H42=9)*(TILES!E3:E42="en juego"),0)),IF(SUMPRODUCT((CRIATURAS!D3:D34=5)*(CRIATURAS!E3:E34=9)*(CRIATURAS!C3:C34="activo"))>0,INDEX(CRIATURAS!B3:B34,MATCH(1,(CRIATURAS!D3:D34=5)*(CRIATURAS!E3:E34=9)*(CRIATURAS!C3:C34="activo"),0)),IF(COUNTIFS(EXPLORADORES!H2:H61,5,EXPLORADORES!I2:I61,9,EXPLORADORES!G2:G61,"<>Eliminado")>0,"Exp x"&COUNTIFS(EXPLORADORES!H2:H61,5,EXPLORADORES!I2:I61,9,EXPLORADORES!G2:G61,"<>Eliminado"),"Mar"))),"Mar") -> Montana | K8: =IFERROR(IF(SUMPRODUCT((TILES!G3:G42=5)*(TILES!H3:H42=10)*(TILES!E3:E42="en juego"))>0,INDEX(TILES!B3:B42,MATCH(1,(TILES!G3:G42=5)*(TILES!H3:H42=10)*(TILES!E3:E42="en juego"),0)),IF(SUMPRODUCT((CRIATURAS!D3:D34=5)*(CRIATURAS!E3:E34=10)*(CRIATURAS!C3:C34="activo"))>0,INDEX(CRIATURAS!B3:B34,MATCH(1,(CRIATURAS!D3:D34=5)*(CRIATURAS!E3:E34=10)*(CRIATURAS!C3:C34="activo"),0)),IF(COUNTIFS(EXPLORADORES!H2:H61,5,EXPLORADORES!I2:I61,10,EXPLORADORES!G2:G61,"<>Eliminado")>0,"Exp x"&COUNTIFS(EXPLORADORES!H2:H61,5,EXPLORADORES!I2:I61,10,EXPLORADORES!G2:G61,"<>Eliminado"),"Mar"))),"Mar") -> Bosque
A9: F6 | B9: =IFERROR(IF(SUMPRODUCT((TILES!G3:G42=6)*(TILES!H3:H42=1)*(TILES!E3:E42="en juego"))>0,INDEX(TILES!B3:B42,MATCH(1,(TILES!G3:G42=6)*(TILES!H3:H42=1)*(TILES!E3:E42="en juego"),0)),IF(SUMPRODUCT((CRIATURAS!D3:D34=6)*(CRIATURAS!E3:E34=1)*(CRIATURAS!C3:C34="activo"))>0,INDEX(CRIATURAS!B3:B34,MATCH(1,(CRIATURAS!D3:D34=6)*(CRIATURAS!E3:E34=1)*(CRIATURAS!C3:C34="activo"),0)),IF(COUNTIFS(EXPLORADORES!H2:H61,6,EXPLORADORES!I2:I61,1,EXPLORADORES!G2:G61,"<>Eliminado")>0,"Exp x"&COUNTIFS(EXPLORADORES!H2:H61,6,EXPLORADORES!I2:I61,1,EXPLORADORES!G2:G61,"<>Eliminado"),"Mar"))),"Mar") -> Mar | C9: =IFERROR(IF(SUMPRODUCT((TILES!G3:G42=6)*(TILES!H3:H42=2)*(TILES!E3:E42="en juego"))>0,INDEX(TILES!B3:B42,MATCH(1,(TILES!G3:G42=6)*(TILES!H3:H42=2)*(TILES!E3:E42="en juego"),0)),IF(SUMPRODUCT((CRIATURAS!D3:D34=6)*(CRIATURAS!E3:E34=2)*(CRIATURAS!C3:C34="activo"))>0,INDEX(CRIATURAS!B3:B34,MATCH(1,(CRIATURAS!D3:D34=6)*(CRIATURAS!E3:E34=2)*(CRIATURAS!C3:C34="activo"),0)),IF(COUNTIFS(EXPLORADORES!H2:H61,6,EXPLORADORES!I2:I61,2,EXPLORADORES!G2:G61,"<>Eliminado")>0,"Exp x"&COUNTIFS(EXPLORADORES!H2:H61,6,EXPLORADORES!I2:I61,2,EXPLORADORES!G2:G61,"<>Eliminado"),"Mar"))),"Mar") -> Mar | D9: =IFERROR(IF(SUMPRODUCT((TILES!G3:G42=6)*(TILES!H3:H42=3)*(TILES!E3:E42="en juego"))>0,INDEX(TILES!B3:B42,MATCH(1,(TILES!G3:G42=6)*(TILES!H3:H42=3)*(TILES!E3:E42="en juego"),0)),IF(SUMPRODUCT((CRIATURAS!D3:D34=6)*(CRIATURAS!E3:E34=3)*(CRIATURAS!C3:C34="activo"))>0,INDEX(CRIATURAS!B3:B34,MATCH(1,(CRIATURAS!D3:D34=6)*(CRIATURAS!E3:E34=3)*(CRIATURAS!C3:C34="activo"),0)),IF(COUNTIFS(EXPLORADORES!H2:H61,6,EXPLORADORES!I2:I61,3,EXPLORADORES!G2:G61,"<>Eliminado")>0,"Exp x"&COUNTIFS(EXPLORADORES!H2:H61,6,EXPLORADORES!I2:I61,3,EXPLORADORES!G2:G61,"<>Eliminado"),"Mar"))),"Mar") -> Bosque | E9: =IFERROR(IF(SUMPRODUCT((TILES!G3:G42=6)*(TILES!H3:H42=4)*(TILES!E3:E42="en juego"))>0,INDEX(TILES!B3:B42,MATCH(1,(TILES!G3:G42=6)*(TILES!H3:H42=4)*(TILES!E3:E42="en juego"),0)),IF(SUMPRODUCT((CRIATURAS!D3:D34=6)*(CRIATURAS!E3:E34=4)*(CRIATURAS!C3:C34="activo"))>0,INDEX(CRIATURAS!B3:B34,MATCH(1,(CRIATURAS!D3:D34=6)*(CRIATURAS!E3:E34=4)*(CRIATURAS!C3:C34="activo"),0)),IF(COUNTIFS(EXPLORADORES!H2:H61,6,EXPLORADORES!I2:I61,4,EXPLORADORES!G2:G61,"<>Eliminado")>0,"Exp x"&COUNTIFS(EXPLORADORES!H2:H61,6,EXPLORADORES!I2:I61,4,EXPLORADORES!G2:G61,"<>Eliminado"),"Mar"))),"Mar") -> Bosque | F9: =IFERROR(IF(SUMPRODUCT((TILES!G3:G42=6)*(TILES!H3:H42=5)*(TILES!E3:E42="en juego"))>0,INDEX(TILES!B3:B42,MATCH(1,(TILES!G3:G42=6)*(TILES!H3:H42=5)*(TILES!E3:E42="en juego"),0)),IF(SUMPRODUCT((CRIATURAS!D3:D34=6)*(CRIATURAS!E3:E34=5)*(CRIATURAS!C3:C34="activo"))>0,INDEX(CRIATURAS!B3:B34,MATCH(1,(CRIATURAS!D3:D34=6)*(CRIATURAS!E3:E34=5)*(CRIATURAS!C3:C34="activo"),0)),IF(COUNTIFS(EXPLORADORES!H2:H61,6,EXPLORADORES!I2:I61,5,EXPLORADORES!G2:G61,"<>Eliminado")>0,"Exp x"&COUNTIFS(EXPLORADORES!H2:H61,6,EXPLORADORES!I2:I61,5,EXPLORADORES!G2:G61,"<>Eliminado"),"Mar"))),"Mar") -> Montana | G9: =IFERROR(IF(SUMPRODUCT((TILES!G3:G42=6)*(TILES!H3:H42=6)*(TILES!E3:E42="en juego"))>0,INDEX(TILES!B3:B42,MATCH(1,(TILES!G3:G42=6)*(TILES!H3:H42=6)*(TILES!E3:E42="en juego"),0)),IF(SUMPRODUCT((CRIATURAS!D3:D34=6)*(CRIATURAS!E3:E34=6)*(CRIATURAS!C3:C34="activo"))>0,INDEX(CRIATURAS!B3:B34,MATCH(1,(CRIATURAS!D3:D34=6)*(CRIATURAS!E3:E34=6)*(CRIATURAS!C3:C34="activo"),0)),IF(COUNTIFS(EXPLORADORES!H2:H61,6,EXPLORADORES!I2:I61,6,EXPLORADORES!G2:G61,"<>Eliminado")>0,"Exp x"&COUNTIFS(EXPLORADORES!H2:H61,6,EXPLORADORES!I2:I61,6,EXPLORADORES!G2:G61,"<>Eliminado"),"Mar"))),"Mar") -> Montana | H9: =IFERROR(IF(SUMPRODUCT((TILES!G3:G42=6)*(TILES!H3:H42=7)*(TILES!E3:E42="en juego"))>0,INDEX(TILES!B3:B42,MATCH(1,(TILES!G3:G42=6)*(TILES!H3:H42=7)*(TILES!E3:E42="en juego"),0)),IF(SUMPRODUCT((CRIATURAS!D3:D34=6)*(CRIATURAS!E3:E34=7)*(CRIATURAS!C3:C34="activo"))>0,INDEX(CRIATURAS!B3:B34,MATCH(1,(CRIATURAS!D3:D34=6)*(CRIATURAS!E3:E34=7)*(CRIATURAS!C3:C34="activo"),0)),IF(COUNTIFS(EXPLORADORES!H2:H61,6,EXPLORADORES!I2:I61,7,EXPLORADORES!G2:G61,"<>Eliminado")>0,"Exp x"&COUNTIFS(EXPLORADORES!H2:H61,6,EXPLORADORES!I2:I61,7,EXPLORADORES!G2:G61,"<>Eliminado"),"Mar"))),"Mar") -> Playa | I9: =IFERROR(IF(SUMPRODUCT((TILES!G3:G42=6)*(TILES!H3:H42=8)*(TILES!E3:E42="en juego"))>0,INDEX(TILES!B3:B42,MATCH(1,(TILES!G3:G42=6)*(TILES!H3:H42=8)*(TILES!E3:E42="en juego"),0)),IF(SUMPRODUCT((CRIATURAS!D3:D34=6)*(CRIATURAS!E3:E34=8)*(CRIATURAS!C3:C34="activo"))>0,INDEX(CRIATURAS!B3:B34,MATCH(1,(CRIATURAS!D3:D34=6)*(CRIATURAS!E3:E34=8)*(CRIATURAS!C3:C34="activo"),0)),IF(COUNTIFS(EXPLORADORES!H2:H61,6,EXPLORADORES!I2:I61,8,EXPLORADORES!G2:G61,"<>Eliminado")>0,"Exp x"&COUNTIFS(EXPLORADORES!H2:H61,6,EXPLORADORES!I2:I61,8,EXPLORADORES!G2:G61,"<>Eliminado"),"Mar"))),"Mar") -> Playa | J9: =IFERROR(IF(SUMPRODUCT((TILES!G3:G42=6)*(TILES!H3:H42=9)*(TILES!E3:E42="en juego"))>0,INDEX(TILES!B3:B42,MATCH(1,(TILES!G3:G42=6)*(TILES!H3:H42=9)*(TILES!E3:E42="en juego"),0)),IF(SUMPRODUCT((CRIATURAS!D3:D34=6)*(CRIATURAS!E3:E34=9)*(CRIATURAS!C3:C34="activo"))>0,INDEX(CRIATURAS!B3:B34,MATCH(1,(CRIATURAS!D3:D34=6)*(CRIATURAS!E3:E34=9)*(CRIATURAS!C3:C34="activo"),0)),IF(COUNTIFS(EXPLORADORES!H2:H61,6,EXPLORADORES!I2:I61,9,EXPLORADORES!G2:G61,"<>Eliminado")>0,"Exp x"&COUNTIFS(EXPLORADORES!H2:H61,6,EXPLORADORES!I2:I61,9,EXPLORADORES!G2:G61,"<>Eliminado"),"Mar"))),"Mar") -> Montana | K9: =IFERROR(IF(SUMPRODUCT((TILES!G3:G42=6)*(TILES!H3:H42=10)*(TILES!E3:E42="en juego"))>0,INDEX(TILES!B3:B42,MATCH(1,(TILES!G3:G42=6)*(TILES!H3:H42=10)*(TILES!E3:E42="en juego"),0)),IF(SUMPRODUCT((CRIATURAS!D3:D34=6)*(CRIATURAS!E3:E34=10)*(CRIATURAS!C3:C34="activo"))>0,INDEX(CRIATURAS!B3:B34,MATCH(1,(CRIATURAS!D3:D34=6)*(CRIATURAS!E3:E34=10)*(CRIATURAS!C3:C34="activo"),0)),IF(COUNTIFS(EXPLORADORES!H2:H61,6,EXPLORADORES!I2:I61,10,EXPLORADORES!G2:G61,"<>Eliminado")>0,"Exp x"&COUNTIFS(EXPLORADORES!H2:H61,6,EXPLORADORES!I2:I61,10,EXPLORADORES!G2:G61,"<>Eliminado"),"Mar"))),"Mar") -> Bosque
A10: F7 | B10: =IFERROR(IF(SUMPRODUCT((TILES!G3:G42=7)*(TILES!H3:H42=1)*(TILES!E3:E42="en juego"))>0,INDEX(TILES!B3:B42,MATCH(1,(TILES!G3:G42=7)*(TILES!H3:H42=1)*(TILES!E3:E42="en juego"),0)),IF(SUMPRODUCT((CRIATURAS!D3:D34=7)*(CRIATURAS!E3:E34=1)*(CRIATURAS!C3:C34="activo"))>0,INDEX(CRIATURAS!B3:B34,MATCH(1,(CRIATURAS!D3:D34=7)*(CRIATURAS!E3:E34=1)*(CRIATURAS!C3:C34="activo"),0)),IF(COUNTIFS(EXPLORADORES!H2:H61,7,EXPLORADORES!I2:I61,1,EXPLORADORES!G2:G61,"<>Eliminado")>0,"Exp x"&COUNTIFS(EXPLORADORES!H2:H61,7,EXPLORADORES!I2:I61,1,EXPLORADORES!G2:G61,"<>Eliminado"),"Mar"))),"Mar") -> Mar | C10: =IFERROR(IF(SUMPRODUCT((TILES!G3:G42=7)*(TILES!H3:H42=2)*(TILES!E3:E42="en juego"))>0,INDEX(TILES!B3:B42,MATCH(1,(TILES!G3:G42=7)*(TILES!H3:H42=2)*(TILES!E3:E42="en juego"),0)),IF(SUMPRODUCT((CRIATURAS!D3:D34=7)*(CRIATURAS!E3:E34=2)*(CRIATURAS!C3:C34="activo"))>0,INDEX(CRIATURAS!B3:B34,MATCH(1,(CRIATURAS!D3:D34=7)*(CRIATURAS!E3:E34=2)*(CRIATURAS!C3:C34="activo"),0)),IF(COUNTIFS(EXPLORADORES!H2:H61,7,EXPLORADORES!I2:I61,2,EXPLORADORES!G2:G61,"<>Eliminado")>0,"Exp x"&COUNTIFS(EXPLORADORES!H2:H61,7,EXPLORADORES!I2:I61,2,EXPLORADORES!G2:G61,"<>Eliminado"),"Mar"))),"Mar") -> Serpiente | D10: =IFERROR(IF(SUMPRODUCT((TILES!G3:G42=7)*(TILES!H3:H42=3)*(TILES!E3:E42="en juego"))>0,INDEX(TILES!B3:B42,MATCH(1,(TILES!G3:G42=7)*(TILES!H3:H42=3)*(TILES!E3:E42="en juego"),0)),IF(SUMPRODUCT((CRIATURAS!D3:D34=7)*(CRIATURAS!E3:E34=3)*(CRIATURAS!C3:C34="activo"))>0,INDEX(CRIATURAS!B3:B34,MATCH(1,(CRIATURAS!D3:D34=7)*(CRIATURAS!E3:E34=3)*(CRIATURAS!C3:C34="activo"),0)),IF(COUNTIFS(EXPLORADORES!H2:H61,7,EXPLORADORES!I2:I61,3,EXPLORADORES!G2:G61,"<>Eliminado")>0,"Exp x"&COUNTIFS(EXPLORADORES!H2:H61,7,EXPLORADORES!I2:I61,3,EXPLORADORES!G2:G61,"<>Eliminado"),"Mar"))),"Mar") -> Playa | E10: =IFERROR(IF(SUMPRODUCT((TILES!G3:G42=7)*(TILES!H3:H42=4)*(TILES!E3:E42="en juego"))>0,INDEX(TILES!B3:B42,MATCH(1,(TILES!G3:G42=7)*(TILES!H3:H42=4)*(TILES!E3:E42="en juego"),0)),IF(SUMPRODUCT((CRIATURAS!D3:D34=7)*(CRIATURAS!E3:E34=4)*(CRIATURAS!C3:C34="activo"))>0,INDEX(CRIATURAS!B3:B34,MATCH(1,(CRIATURAS!D3:D34=7)*(CRIATURAS!E3:E34=4)*(CRIATURAS!C3:C34="activo"),0)),IF(COUNTIFS(EXPLORADORES!H2:H61,7,EXPLORADORES!I2:I61,4,EXPLORADORES!G2:G61,"<>Eliminado")>0,"Exp x"&COUNTIFS(EXPLORADORES!H2:H61,7,EXPLORADORES!I2:I61,4,EXPLORADORES!G2:G61,"<>Eliminado"),"Mar"))),"Mar") -> Playa | F10: =IFERROR(IF(SUMPRODUCT((TILES!G3:G42=7)*(TILES!H3:H42=5)*(TILES!E3:E42="en juego"))>0,INDEX(TILES!B3:B42,MATCH(1,(TILES!G3:G42=7)*(TILES!H3:H42=5)*(TILES!E3:E42="en juego"),0)),IF(SUMPRODUCT((CRIATURAS!D3:D34=7)*(CRIATURAS!E3:E34=5)*(CRIATURAS!C3:C34="activo"))>0,INDEX(CRIATURAS!B3:B34,MATCH(1,(CRIATURAS!D3:D34=7)*(CRIATURAS!E3:E34=5)*(CRIATURAS!C3:C34="activo"),0)),IF(COUNTIFS(EXPLORADORES!H2:H61,7,EXPLORADORES!I2:I61,5,EXPLORADORES!G2:G61,"<>Eliminado")>0,"Exp x"&COUNTIFS(EXPLORADORES!H2:H61,7,EXPLORADORES!I2:I61,5,EXPLORADORES!G2:G61,"<>Eliminado"),"Mar"))),"Mar") -> Playa | G10: =IFERROR(IF(SUMPRODUCT((TILES!G3:G42=7)*(TILES!H3:H42=6)*(TILES!E3:E42="en juego"))>0,INDEX(TILES!B3:B42,MATCH(1,(TILES!G3:G42=7)*(TILES!H3:H42=6)*(TILES!E3:E42="en juego"),0)),IF(SUMPRODUCT((CRIATURAS!D3:D34=7)*(CRIATURAS!E3:E34=6)*(CRIATURAS!C3:C34="activo"))>0,INDEX(CRIATURAS!B3:B34,MATCH(1,(CRIATURAS!D3:D34=7)*(CRIATURAS!E3:E34=6)*(CRIATURAS!C3:C34="activo"),0)),IF(COUNTIFS(EXPLORADORES!H2:H61,7,EXPLORADORES!I2:I61,6,EXPLORADORES!G2:G61,"<>Eliminado")>0,"Exp x"&COUNTIFS(EXPLORADORES!H2:H61,7,EXPLORADORES!I2:I61,6,EXPLORADORES!G2:G61,"<>Eliminado"),"Mar"))),"Mar") -> Playa | H10: =IFERROR(IF(SUMPRODUCT((TILES!G3:G42=7)*(TILES!H3:H42=7)*(TILES!E3:E42="en juego"))>0,INDEX(TILES!B3:B42,MATCH(1,(TILES!G3:G42=7)*(TILES!H3:H42=7)*(TILES!E3:E42="en juego"),0)),IF(SUMPRODUCT((CRIATURAS!D3:D34=7)*(CRIATURAS!E3:E34=7)*(CRIATURAS!C3:C34="activo"))>0,INDEX(CRIATURAS!B3:B34,MATCH(1,(CRIATURAS!D3:D34=7)*(CRIATURAS!E3:E34=7)*(CRIATURAS!C3:C34="activo"),0)),IF(COUNTIFS(EXPLORADORES!H2:H61,7,EXPLORADORES!I2:I61,7,EXPLORADORES!G2:G61,"<>Eliminado")>0,"Exp x"&COUNTIFS(EXPLORADORES!H2:H61,7,EXPLORADORES!I2:I61,7,EXPLORADORES!G2:G61,"<>Eliminado"),"Mar"))),"Mar") -> Playa | I10: =IFERROR(IF(SUMPRODUCT((TILES!G3:G42=7)*(TILES!H3:H42=8)*(TILES!E3:E42="en juego"))>0,INDEX(TILES!B3:B42,MATCH(1,(TILES!G3:G42=7)*(TILES!H3:H42=8)*(TILES!E3:E42="en juego"),0)),IF(SUMPRODUCT((CRIATURAS!D3:D34=7)*(CRIATURAS!E3:E34=8)*(CRIATURAS!C3:C34="activo"))>0,INDEX(CRIATURAS!B3:B34,MATCH(1,(CRIATURAS!D3:D34=7)*(CRIATURAS!E3:E34=8)*(CRIATURAS!C3:C34="activo"),0)),IF(COUNTIFS(EXPLORADORES!H2:H61,7,EXPLORADORES!I2:I61,8,EXPLORADORES!G2:G61,"<>Eliminado")>0,"Exp x"&COUNTIFS(EXPLORADORES!H2:H61,7,EXPLORADORES!I2:I61,8,EXPLORADORES!G2:G61,"<>Eliminado"),"Mar"))),"Mar") -> Bosque | J10: =IFERROR(IF(SUMPRODUCT((TILES!G3:G42=7)*(TILES!H3:H42=9)*(TILES!E3:E42="en juego"))>0,INDEX(TILES!B3:B42,MATCH(1,(TILES!G3:G42=7)*(TILES!H3:H42=9)*(TILES!E3:E42="en juego"),0)),IF(SUMPRODUCT((CRIATURAS!D3:D34=7)*(CRIATURAS!E3:E34=9)*(CRIATURAS!C3:C34="activo"))>0,INDEX(CRIATURAS!B3:B34,MATCH(1,(CRIATURAS!D3:D34=7)*(CRIATURAS!E3:E34=9)*(CRIATURAS!C3:C34="activo"),0)),IF(COUNTIFS(EXPLORADORES!H2:H61,7,EXPLORADORES!I2:I61,9,EXPLORADORES!G2:G61,"<>Eliminado")>0,"Exp x"&COUNTIFS(EXPLORADORES!H2:H61,7,EXPLORADORES!I2:I61,9,EXPLORADORES!G2:G61,"<>Eliminado"),"Mar"))),"Mar") -> Playa | K10: =IFERROR(IF(SUMPRODUCT((TILES!G3:G42=7)*(TILES!H3:H42=10)*(TILES!E3:E42="en juego"))>0,INDEX(TILES!B3:B42,MATCH(1,(TILES!G3:G42=7)*(TILES!H3:H42=10)*(TILES!E3:E42="en juego"),0)),IF(SUMPRODUCT((CRIATURAS!D3:D34=7)*(CRIATURAS!E3:E34=10)*(CRIATURAS!C3:C34="activo"))>0,INDEX(CRIATURAS!B3:B34,MATCH(1,(CRIATURAS!D3:D34=7)*(CRIATURAS!E3:E34=10)*(CRIATURAS!C3:C34="activo"),0)),IF(COUNTIFS(EXPLORADORES!H2:H61,7,EXPLORADORES!I2:I61,10,EXPLORADORES!G2:G61,"<>Eliminado")>0,"Exp x"&COUNTIFS(EXPLORADORES!H2:H61,7,EXPLORADORES!I2:I61,10,EXPLORADORES!G2:G61,"<>Eliminado"),"Mar"))),"Mar") -> Playa
A13: LEYENDA
A14: Mar | B14: Playa | C14: Bosque | D14: Montana | E14: Serpiente | F14: Tiburon | G14: Ballena | H14: Remolino | I14: Barco | J14: Exp (#)

Sheet ACCIONES
A1: ACCIONES DEL TURNO ACTIVO
A3: Jugador activo (de CONTROL) | B3: =CONTROL!F3 -> 1 | C3: =CHOOSE(B3,"Rojo","Turquesa","Amarillo","Verde menta","Purpura","Salmon") -> Rojo
A4: Turno / Fase | B4: =CONTROL!D3 -> 1 | C4: ="Fase "&CONTROL!H3 -> Fase 1
A6: FASE 1: Jugar ficha de mano (opcional)
A7: Campo | B7: Valor | C7: Estado | D7: Efecto
A8: Ficha a jugar | C8: =IF(B8="","Sin ficha","Ficha "&B8) -> Sin ficha | D8: =IF(B8="MAN_Delfin","Mueve Nadador hasta 3 mar",IF(B8="MAN_Vientos","Mueve Barco 1-3 casillas",IF(B8="MAN_Serpiente","Mueve Serpiente a mar vacio",IF(B8="MAN_Tiburon","Mueve Tiburon a mar vacio",IF(B8="MAN_Ballena","Mueve Ballena a mar vacio","-"))))) -> -
A10: FASE 2: Movimientos (3 puntos)
A11: # | B11: ID Exp/Barco | C11: Destino (F,C) | D11: Validacion
A12: 1 | D12: =IF(B12="","- (sin mov)","Mover ID "&B12&" a "&C12) -> - (sin mov)
A13: 2 | D13: =IF(B13="","- (sin mov)","Mover ID "&B13&" a "&C13) -> - (sin mov)
A14: 3 | D14: =IF(B14="","- (sin mov)","Mover ID "&B14&" a "&C14) -> - (sin mov)
A16: FASE 3: Retirar ficha de terreno
A17: Campo | B17: Valor | C17: Info | D17: Accion revelada
A18: ID del tile (1-40) | C18: =IF(B18="","Selecciona tile","Tipo: "&VLOOKUP(B18,TILES!A3:E42,2,FALSE())&" | Alt: "&VLOOKUP(B18,TILES!A3:E42,3,FALSE())) -> Selecciona tile | D18: =IF(B18="","-","Revela: "&VLOOKUP(B18,TILES!A3:E42,4,FALSE())) -> -
A20: FASE 4: Dado y criatura
A21: Campo | B21: Valor | C21: Criatura | D21: Regla
A22: Resultado dado (1-6) | C22: =IF(B22="","Tira el dado",IF(B22<=2,"Tiburon",IF(B22<=4,"Ballena",IF(B22=5,"Serpiente","Eliges")))) -> Tira el dado | D22: Mover criatura 1-3 casillas mar
A23: ID criatura a mover | C23: =IF(B23="","-",VLOOKUP(B23,CRIATURAS!A3:B34,2,FALSE())) -> - | D23: Debe estar activa
A24: Destino (F,C) | D24: Solo mar vacio o victima legal

Sheet REGLAS
A1: MODELO MATEMATICO - THE ISLAND
A3: A. COMPONENTES
A4: Componente | B4: Cantidad | C4: Valor numerico | D4: Ubicacion inicial | E4: Notas
A5: Tablero | B5: 1 | C5: 7 filas x 10 cols = 70 celdas | D5: Fijo | E5: Area isla 5x8 = 40 tiles
A6: Fichas Playa | B6: 16 | C6: Altura nivel 1 | D6: Area isla | E6: Primeras en revelarse
A7: Fichas Bosque | B7: 16 | C7: Altura nivel 2 | D7: Area isla | E7: Despues de playas
A8: Fichas Montana | B8: 8 | C8: Altura nivel 3 | D8: Centro | E8: Ultimas; incluye Volcan
A9: Exploradores/color | B9: 10 | C9: Valores 3x1+2x2+2x3+1x4+1x5+1x6 = 28 pts | D9: 1 a 1 horario | E9: Valor oculto
A10: Serpientes Mar | B10: 5 | C10: Criatura 1 | D10: 5 casillas fijas mar | E10: Solo mueve con MAN_Serpiente
A11: Tiburones | B11: 5 | C11: Criatura 2 | D11: Reserva | E11: Dado 1-2; elimina Nadadores
A12: Ballenas | B12: 5 | C12: Criatura 3 | D12: Reserva | E12: Dado 3-4; elimina Barcos
A13: Remolinos | B13: 5 | C13: Evento | D13: Reserva | E13: Elimina casilla + adyacentes
A14: Barcos | B14: 12 | C14: Cap 3 Nadadores | D14: Reserva | E14: 1 jugador los carga
A15: Dado 6 caras | B15: 1 | C15: 1-6 | D15: - | E15: 1-2=Tib, 3-4=Ball, 5=Serp, 6=eliges
A18: B. ESTRUCTURA DEL TURNO
A19: Fase | B19: Nombre | C19: Accion | D19: Regla matematica | E19: Obligatorio
A20: 1 | B20: Ficha de mano | C20: Jugar MAN_* guardada | D20: Si MANO contiene MAN_* -> ejecutar efecto | E20: No
A21: 2 | B21: Movimientos | C21: Hasta 3 puntos entre Exp/Barcos | D21: MOV=3; cada mov consume 1 punto | E21: Si hay opciones
A22: 3 | B22: Retirar terreno | C22: Retirar 1 tile vacio | D22: Tile.estado=removido; revela accion | E22: Si
A23: 4 | B23: Dado y criatura | C23: Tirar dado, mover 1-3 casillas mar | D23: 1-2=Tib, 3-4=Ball, 5=Serp, 6=eliges | E23: Si
A25: C. CRIATURAS Y ELIMINACION
A26: Criatura | B26: Elimina a | C26: Movimiento | D26: Defensa | E26: Efecto
A27: Serpiente | B27: Barco con contenido | C27: 0 auto; 1-3 con MAN_Serpiente | D27: Ninguna | E27: Serp+Barco -> Barco+pasajeros=Eliminado
A28: Tiburon | B28: Nadadores | C28: 1-3 (dado 1-2 o MAN_Tiburon) | D28: DEF_Tiburon | E28: Tib+Nadador -> Nadador=Eliminado
A29: Ballena | B29: Barco | C29: 1-3 (dado 3-4 o MAN_Ballena) | D29: DEF_Ballena | E29: Ball+Barco -> Barco=Eliminado; pasajeros=Nadadores
A30: Remolino | B30: Todo en casilla + adyacentes | C30: No se mueve | D30: Ninguna | E30: Al aparecer: toda entidad en casilla/adyacente=Eliminado
A31: Volcan | B31: Juego entero | C31: - | D31: - | E31: Al revelar: Exp en Mar/Barco=Eliminado; gana mas puntos Salvados
A33: D. PUNTUACION
A34: Puntos_J = SUM(valor Exp) WHERE Exp.Jugador=J AND Exp.Estado=Salvado
A35: Exp.Salvado si llega a tierra firme externa fuera del area-isla
A36: Exp.Eliminado cuenta 0 puntos
A37: Ganador = argmax_J(Puntos_J); empate -> mas exploradores salvados

Sheet TILES
A1: TILES DE TERRENO (40)
A2: ID | B2: Tipo | C2: Altura | D2: Accion | E2: Estado | F2: Orden retiro | G2: Fila | H2: Col | I2: Coord
A3: 1 | B3: Playa | C3: 1 | D3: INM_Barco | E3: en juego | G3: 3 | H3: 3 | I3: =G3&","&H3 -> 3,3
A4: 2 | B4: Playa | C4: 1 | D4: INM_Barco | E4: en juego | G4: 3 | H4: 4 | I4: =G4&","&H4 -> 3,4
A5: 3 | B5: Playa | C5: 1 | D5: INM_Barco | E5: en juego | G5: 3 | H5: 5 | I5: =G5&","&H5 -> 3,5
A6: 4 | B6: Montana | C6: 3 | D6: INM_Volcan | E6: en juego | G6: 3 | H6: 6 | I6: =G6&","&H6 -> 3,6
A7: 5 | B7: Bosque | C7: 2 | D7: MAN_Vientos | E7: en juego | G7: 3 | H7: 7 | I7: =G7&","&H7 -> 3,7
A8: 6 | B8: Bosque | C8: 2 | D8: INM_Barco | E8: en juego | G8: 3 | H8: 8 | I8: =G8&","&H8 -> 3,8
A9: 7 | B9: Bosque | C9: 2 | D9: INM_Tiburon | E9: en juego | G9: 3 | H9: 9 | I9: =G9&","&H9 -> 3,9
A10: 8 | B10: Playa | C10: 1 | D10: INM_Ballena | E10: en juego | G10: 3 | H10: 10 | I10: =G10&","&H10 -> 3,10
A11: 9 | B11: Playa | C11: 1 | D11: INM_Remolino | E11: en juego | G11: 4 | H11: 3 | I11: =G11&","&H11 -> 4,3
A12: 10 | B12: Montana | C12: 3 | D12: MAN_Delfin | E12: en juego | G12: 4 | H12: 4 | I12: =G12&","&H12 -> 4,4
A13: 11 | B13: Bosque | C13: 2 | D13: MAN_Vientos | E13: en juego | G13: 4 | H13: 5 | I13: =G13&","&H13 -> 4,5
A14: 12 | B14: Bosque | C14: 2 | D14: INM_Barco | E14: en juego | G14: 4 | H14: 6 | I14: =G14&","&H14 -> 4,6
... A42: 40 | B42: Playa | C42: 1 | D42: INM_Remolino | E42: en juego | G42: 7 | H42: 10 | I42: =G42&","&H42 -> 7,10

Sheet EXPLORADORES
A1: EXPLORADORES (60 fichas)
A2: 1 | B2: 1 | C2: 1 | D2: =CHOOSE(B2,"Rojo","Turquesa","Amarillo","Verde menta","Purpura","Salmon") -> Rojo | E2: 1 | F2: =IF(OR(CONTROL!$F$3=B2,G2<>"Tierra"),E2,"???") -> 1 | G2: Tierra | H2: 3 | I2: 3
A3: 2 | B3: 1 | C3: 2 | D3: =CHOOSE(B3,"Rojo","Turquesa","Amarillo","Verde menta","Purpura","Salmon") -> Rojo | E3: 1 | F3: =IF(OR(CONTROL!$F$3=B3,G3<>"Tierra"),E3,"???") -> 1 | G3: Tierra | H3: 3 | I3: 4
A4: 3 | B4: 1 | C4: 3 | D4: =CHOOSE(B4,"Rojo","Turquesa","Amarillo","Verde menta","Purpura","Salmon") -> Rojo | E4: 1 | F4: =IF(OR(CONTROL!$F$3=B4,G4<>"Tierra"),E4,"???") -> 1 | G4: Tierra | H4: 3 | I4: 5
A5: 4 | B5: 1 | C5: 4 | D5: =CHOOSE(B5,"Rojo","Turquesa","Amarillo","Verde menta","Purpura","Salmon") -> Rojo | E5: 2 | F5: =IF(OR(CONTROL!$F$3=B5,G5<>"Tierra"),E5,"???") -> 2 | G5: Tierra | H5: 3 | I5: 6
A6: 5 | B6: 1 | C6: 5 | D6: =CHOOSE(B6,"Rojo","Turquesa","Amarillo","Verde menta","Purpura","Salmon") -> Rojo | E6: 2 | F6: =IF(OR(CONTROL!$F$3=B6,G6<>"Tierra"),E6,"???") -> 2 | G6: Tierra | H6: 3 | I6: 7
A7: 6 | B7: 1 | C7: 6 | D7: =CHOOSE(B7,"Rojo","Turquesa","Amarillo","Verde menta","Purpura","Salmon") -> Rojo | E7: 3 | F7: =IF(OR(CONTROL!$F$3=B7,G7<>"Tierra"),E7,"???") -> 3 | G7: Tierra | H7: 3 | I7: 8
A8: 7 | B8: 1 | C8: 7 | D8: =CHOOSE(B8,"Rojo","Turquesa","Amarillo","Verde menta","Purpura","Salmon") -> Rojo | E8: 3 | F8: =IF(OR(CONTROL!$F$3=B8,G8<>"Tierra"),E8,"???") -> 3 | G8: Tierra | H8: 3 | I8: 9
A9: 8 | B9: 1 | C9: 8 | D9: =CHOOSE(B9,"Rojo","Turquesa","Amarillo","Verde menta","Purpura","Salmon") -> Rojo | E9: 4 | F9: =IF(OR(CONTROL!$F$3=B9,G9<>"Tierra"),E9,"???") -> 4 | G9: Tierra | H9: 3 | I9: 10
A10: 9 | B10: 1 | C10: 9 | D10: =CHOOSE(B10,"Rojo","Turquesa","Amarillo","Verde menta","Purpura","Salmon") -> Rojo | E10: 5 | F10: =IF(OR(CONTROL!$F$3=B10,G10<>"Tierra"),E10,"???") -> 5 | G10: Tierra | H10: 4 | I10: 3
A11: 10 | B11: 1 | C11: 10 | D11: =CHOOSE(B11,"Rojo","Turquesa","Amarillo","Verde menta","Purpura","Salmon") -> Rojo | E11: 6 | F11: =IF(OR(CONTROL!$F$3=B11,G11<>"Tierra"),E11,"???") -> 6 | G11: Tierra | H11: 4 | I11: 4
A12: 11 | B12: 2 | C12: 1 | D12: =CHOOSE(B12,"Rojo","Turquesa","Amarillo","Verde menta","Purpura","Salmon") -> Turquesa | E12: 1 | F12: =IF(OR(CONTROL!$F$3=B12,G12<>"Tierra"),E12,"???") -> ??? | G12: Tierra | H12: 4 | I12: 5
A13: 12 | B13: 2 | C13: 2 | D13: =CHOOSE(B13,"Rojo","Turquesa","Amarillo","Verde menta","Purpura","Salmon") -> Turquesa | E13: 1 | F13: =IF(OR(CONTROL!$F$3=B13,G13<>"Tierra"),E13,"???") -> ??? | G13: Tierra | H13: 4 | I13: 6
... A61: 60 | B61: 6 | C61: 10 | D61: =CHOOSE(B61,"Rojo","Turquesa","Amarillo","Verde menta","Purpura","Salmon") -> Salmon | E61: 6 | F61: =IF(OR(CONTROL!$F$3=B61,G61<>"Tierra"),E61,"???") -> ??? | G61: Tierra | H61: 5 | I61: 6

Sheet CRIATURAS
A1: CRIATURAS Y BARCOS
A2: ID | B2: Tipo | C2: Estado | D2: Pos F | E2: Pos C | F2: Jugador Barco | G2: Notas
A3: 1 | B3: Serpiente | C3: activo | D3: 1 | E3: 2 | G3: Inicio fijo
A4: 2 | B4: Serpiente | C4: activo | D4: 1 | E4: 9 | G4: Inicio fijo
A5: 3 | B5: Serpiente | C5: activo | D5: 4 | E5: 1 | G5: Inicio fijo
A6: 4 | B6: Serpiente | C6: activo | D6: 7 | E6: 2 | G6: Inicio fijo
A7: 5 | B7: Serpiente | C7: activo | D7: 7 | E7: 9 | G7: Inicio fijo
A8: 6 | B8: Tiburon | C8: reserva | G8: Reserva
A9: 7 | B9: Tiburon | C9: reserva | G9: Reserva
A10: 8 | B10: Tiburon | C10: reserva | G10: Reserva
A11: 9 | B11: Tiburon | C11: reserva | G11: Reserva
A12: 10 | B12: Tiburon | C12: reserva | G12: Reserva
A13: 11 | B13: Ballena | C13: reserva | G13: Reserva
A14: 12 | B14: Ballena | C14: reserva | G14: Reserva
A15: 13 | B15: Ballena | C15: reserva | G15: Reserva
A16: 14 | B16: Ballena | C16: reserva | G16: Reserva
A17: 15 | B17: Ballena | C17: reserva | G17: Reserva
A18: 16 | B18: Remolino | C18: reserva | G18: Reserva
A19: 17 | B19: Remolino | C19: reserva | G19: Reserva
... A34: 32 | B34: Barco | C34: reserva | G34: Reserva

Sheet JUGADORES
A1: MANOS DE JUGADORES
A2: Jugador | B2: Slot | C2: Ficha | D2: Estado | E2: Notas
A3: 1 | B3: 1
A4: 1 | B4: 2
A5: 1 | B5: 3
A6: 1 | B6: 4
A7: 1 | B7: 5
A8: 1 | B8: 6
A9: 1 | B9: 7
A10: 1 | B10: 8
A11: 1 | B11: 9
A12: 1 | B12: 10
A13: 2 | B13: 1
A14: 2 | B14: 2
... A62: 6 | B62: 10

Sheet LOG
A1: LOG DE TURNOS
A2: Turno | B2: Jugador | C2: Color | D2: Fase | E2: Accion | F2: Resultado | G2: Timestamp
C3: =IF(B3="","",CHOOSE(B3,"Rojo","Turquesa","Amarillo","Verde menta","Purpura","Salmon"))
C4: =IF(B4="","",CHOOSE(B4,"Rojo","Turquesa","Amarillo","Verde menta","Purpura","Salmon"))
C5: =IF(B5="","",CHOOSE(B5,"Rojo","Turquesa","Amarillo","Verde menta","Purpura","Salmon"))
C6: =IF(B6="","",CHOOSE(B6,"Rojo","Turquesa","Amarillo","Verde menta","Purpura","Salmon"))
C7: =IF(B7="","",CHOOSE(B7,"Rojo","Turquesa","Amarillo","Verde menta","Purpura","Salmon"))
C8: =IF(B8="","",CHOOSE(B8,"Rojo","Turquesa","Amarillo","Verde menta","Purpura","Salmon"))
C9: =IF(B9="","",CHOOSE(B9,"Rojo","Turquesa","Amarillo","Verde menta","Purpura","Salmon"))
C10: =IF(B10="","",CHOOSE(B10,"Rojo","Turquesa","Amarillo","Verde menta","Purpura","Salmon"))
C11: =IF(B11="","",CHOOSE(B11,"Rojo","Turquesa","Amarillo","Verde menta","Purpura","Salmon"))
C12: =IF(B12="","",CHOOSE(B12,"Rojo","Turquesa","Amarillo","Verde menta","Purpura","Salmon"))
C13: =IF(B13="","",CHOOSE(B13,"Rojo","Turquesa","Amarillo","Verde menta","Purpura","Salmon"))
C14: =IF(B14="","",CHOOSE(B14,"Rojo","Turquesa","Amarillo","Verde menta","Purpura","Salmon"))
... C202: =IF(B202="","",CHOOSE(B202,"Rojo","Turquesa","Amarillo","Verde menta","Purpura","Salmon"))
